"","Oxy2x_01","Oxy2x_02","Oxy2x_03","Oxy2x_04","Oxy2x_05","Oxy2x_06","Oxy2x_07","Oxy2x_08","Oxy2x_09","Oxy2x_10","Oxy2x_11"
"chr01_000008907",0,1,1,1,2,2,1,1,2,2,1
"chr01_000175030",2,0,0,0,0,0,0,0,0,0,0
"chr01_000175165",1,0,0,0,0,0,0,0,0,0,0
"chr01_001272907",2,2,1,1,1,0,1,1,0,0,1
"chr01_001273044",2,2,0,0,0,0,0,0,0,0,0
"chr01_001459243",2,0,0,0,0,0,0,0,0,0,0
"chr01_001465651",1,2,2,2,2,2,2,2,2,2,2
"chr01_001974844",1,2,2,2,2,2,2,2,2,2,2
"chr01_002659894",0,1,1,1,2,2,1,1,2,2,1
"chr01_004186329",1,2,0,2,1,0,1,1,0,1,1
"chr01_005647196",0,2,0,2,0,0,0,0,0,0,0
"chr01_005908846",2,2,2,1,2,2,2,2,2,2,2
"chr01_006014664",2,0,2,1,2,2,2,2,2,2,2
"chr01_006426192",2,1,2,1,2,2,2,2,2,2,2
"chr01_006718243",1,0,2,0,1,2,1,1,2,1,1
"chr01_008013059",1,2,0,2,1,0,1,1,0,1,1
"chr01_008468286",2,2,1,2,2,2,2,2,2,2,1
"chr01_009056051",2,2,2,1,2,2,2,2,2,2,2
"chr01_009564291",0,0,0,1,0,0,1,0,0,0,0
"chr01_009564360",2,2,2,2,2,2,2,1,2,2,2
"chr01_009596934",1,1,0,2,1,0,2,1,0,1,1
"chr01_009840218",2,2,2,2,2,1,2,2,2,2,2
"chr01_010651550",2,2,2,1,2,2,1,2,2,2,2
"chr01_010987715",1,1,2,0,1,2,0,1,2,1,1
"chr01_011638343",2,2,2,2,2,1,2,2,2,2,2
"chr01_012301670",0,0,0,1,0,0,2,0,0,0,0
"chr01_014317369",0,0,0,2,0,0,2,0,0,0,0
"chr01_017687057",1,1,2,0,1,2,0,1,2,1,1
"chr01_019440627",0,0,0,2,0,0,1,0,0,0,0
"chr01_021509091",2,2,2,1,2,2,1,2,2,2,2
"chr01_022674801",0,0,0,2,0,0,2,0,0,0,0
"chr01_022792171",0,0,0,2,0,0,1,0,0,0,0
"chr01_023604552",0,0,0,1,0,0,1,0,0,0,0
"chr01_023640129",0,0,0,2,0,0,2,0,0,0,0
"chr01_023761878",0,0,0,2,0,0,2,0,0,0,0
"chr01_024464273",0,0,0,0,0,0,2,0,0,0,0
"chr01_026246387",1,1,0,2,1,0,2,1,0,1,1
"chr01_026475584",1,1,0,2,1,0,2,1,0,1,1
"chr01_026491438",2,2,2,2,2,2,1,2,2,2,2
"chr01_026491587",0,0,0,2,0,0,2,0,0,0,0
"chr01_028062583",2,2,2,1,2,2,2,2,2,2,2
"chr01_028912435",2,2,2,1,2,2,1,2,2,2,2
"chr01_029556091",2,2,2,2,2,2,1,2,2,2,2
"chr01_029877619",0,0,0,2,0,0,2,0,0,0,0
"chr01_030742341",0,0,0,1,0,0,1,0,0,0,0
"chr01_030742405",0,0,0,1,0,0,1,0,0,0,0
"chr01_030742444",0,0,0,1,0,0,1,0,0,0,0
"chr01_031162161",1,1,0,2,1,0,2,1,0,1,1
"chr01_034832858",1,1,0,1,1,0,1,1,0,1,1
"chr01_035403686",0,1,2,1,1,2,1,1,2,1,1
"chr01_035653510",2,1,0,1,1,0,1,1,0,1,1
"chr01_035653573",1,0,0,0,0,0,0,0,0,0,0
"chr01_036939785",0,0,0,0,0,2,0,0,0,0,0
"chr01_037876277",1,1,2,1,1,2,1,1,2,1,1
"chr01_040341049",0,0,2,0,0,2,0,2,2,0,0
"chr01_040860638",1,1,0,1,1,0,1,0,0,1,1
"chr01_041360992",1,1,2,1,1,2,1,2,2,1,1
"chr01_041564970",1,1,0,1,1,0,1,0,0,1,1
"chr01_042546361",1,1,2,1,1,2,1,2,2,1,1
"chr01_043789377",2,1,2,1,2,2,2,2,2,2,2
"chr01_044261400",1,0,2,0,1,2,1,2,2,1,1
"chr01_046507151",2,2,2,1,2,2,2,2,2,2,2
"chr01_047185671",2,1,2,2,2,2,2,2,2,2,2
"chr01_047188043",1,0,2,0,1,2,1,2,2,1,1
"chr01_048995696",0,2,0,2,2,0,0,0,0,0,0
"chr02_000342231",2,0,0,0,0,2,0,0,0,0,0
"chr02_000411350",1,0,0,0,0,1,0,0,0,0,0
"chr02_001457361",2,0,0,0,0,2,0,0,0,0,0
"chr02_001457415",2,0,1,0,0,2,0,0,0,0,0
"chr02_002361795",2,1,1,1,1,2,2,1,1,0,1
"chr02_002765594",2,1,1,1,1,2,2,1,1,0,1
"chr02_003262682",2,1,1,1,1,2,2,1,1,0,1
"chr02_004998040",0,2,2,2,2,2,1,2,2,2,2
"chr02_005031306",1,2,2,2,2,2,1,2,2,2,2
"chr02_005078769",0,1,1,1,1,1,0,2,1,2,1
"chr02_005083121",1,2,2,2,2,2,1,2,2,2,2
"chr02_005333201",2,0,0,0,0,0,2,0,0,0,0
"chr02_005955744",2,1,1,1,1,1,2,0,1,0,1
"chr02_006731901",2,0,0,0,0,0,2,0,0,0,0
"chr02_006882335",2,0,0,0,0,0,2,0,0,0,0
"chr02_007188123",0,1,1,1,1,1,0,2,1,2,1
"chr02_007636084",2,1,1,1,1,1,2,1,1,0,1
"chr02_007990055",1,2,2,2,2,2,2,2,2,2,2
"chr02_008073933",2,2,2,2,2,2,1,2,2,2,2
"chr02_008855143",1,2,2,2,2,2,1,2,1,2,2
"chr02_009166445",2,2,2,2,2,2,1,2,2,2,2
"chr02_010178124",2,1,2,2,2,2,2,2,2,2,2
"chr02_010178207",1,2,2,2,2,2,1,2,2,2,2
"chr02_010589532",2,1,1,1,1,1,2,1,2,0,1
"chr02_011323538",2,2,2,2,2,2,1,2,2,2,2
"chr02_011409656",1,0,0,0,0,0,0,0,0,0,0
"chr02_011579440",2,0,0,0,0,0,2,0,2,0,0
"chr02_011602187",2,0,0,0,0,0,2,0,2,0,0
"chr02_011741882",0,2,1,1,1,1,0,1,0,1,1
"chr02_013654329",2,0,0,2,0,0,2,0,1,0,0
"chr02_015414906",0,0,0,1,0,0,1,0,0,0,0
"chr02_016562161",2,0,0,2,2,0,2,0,2,0,0
"chr02_017345602",2,2,2,2,2,2,1,2,2,2,2
"chr02_018169881",0,0,0,0,0,0,1,0,0,0,0
"chr02_019150104",1,0,0,1,1,0,1,0,1,0,0
"chr02_021441855",0,1,1,0,0,1,0,1,0,1,1
"chr02_022058065",2,2,2,2,2,2,0,2,2,2,2
"chr02_026753556",0,0,0,1,1,0,0,0,1,0,0
"chr02_029418075",0,0,0,1,1,0,0,0,0,0,0
"chr02_029437919",1,1,1,2,2,0,1,1,1,0,1
"chr02_029807791",2,2,2,2,1,2,2,2,2,2,2
"chr02_030170426",0,0,0,1,1,0,0,0,0,0,0
"chr02_030966022",0,0,0,2,2,0,0,0,0,0,0
"chr02_032251451",0,0,0,2,2,0,0,0,0,0,0
"chr02_032894325",0,0,0,0,0,1,1,1,2,1,1
"chr02_033791944",1,1,1,2,2,0,1,1,1,0,1
"chr02_033931247",1,1,1,0,0,2,1,1,1,2,1
"chr02_034662499",0,0,0,2,2,0,0,0,0,0,0
"chr02_034961557",2,2,2,1,1,2,2,2,2,2,2
"chr02_034961595",2,2,2,1,1,2,2,2,2,2,2
"chr02_035185377",0,0,0,2,2,0,0,0,0,0,0
"chr02_036143301",0,1,0,2,2,1,1,1,1,0,1
"chr02_036582174",0,0,0,1,0,0,0,0,0,0,0
"chr02_038292141",1,1,1,1,2,0,1,1,1,0,1
"chr03_000059682",1,1,1,1,1,1,1,1,0,1,1
"chr03_000826444",1,1,1,1,1,1,1,1,2,1,1
"chr03_002448239",1,1,1,1,1,1,1,1,2,1,1
"chr03_004816697",1,2,1,1,1,1,1,1,1,1,1
"chr03_005693367",1,2,1,1,1,2,1,1,1,1,1
"chr03_008690157",1,2,1,2,1,2,2,2,1,1,1
"chr03_010131436",2,0,2,2,2,0,0,0,2,2,2
"chr03_011612060",1,0,1,1,1,0,0,0,1,1,1
"chr03_013008327",1,0,1,1,1,0,0,0,1,1,1
"chr03_013511587",1,2,1,1,1,2,2,2,1,1,1
"chr03_018981987",1,0,1,1,1,0,1,0,1,1,1
"chr03_020704405",2,2,2,2,2,2,2,2,2,1,1
"chr03_020984675",0,0,0,0,1,0,0,0,0,0,0
"chr03_022852144",1,0,1,1,1,0,1,0,1,1,1
"chr03_023432708",1,0,1,0,1,0,1,0,1,1,1
"chr03_023451655",1,2,1,2,1,2,1,2,1,1,1
"chr03_024235760",1,0,1,0,1,0,1,0,1,1,1
"chr03_024235832",1,0,1,0,1,0,1,0,1,1,1
"chr03_026322717",1,0,1,0,1,0,1,0,0,1,1
"chr03_028294150",1,2,1,2,1,2,2,2,2,2,1
"chr03_030052087",2,2,2,2,2,2,2,1,2,2,2
"chr03_030502290",0,0,0,2,2,1,0,2,1,0,0
"chr03_032155334",1,1,0,0,0,0,1,0,0,1,1
"chr03_032155434",1,1,2,2,2,2,2,2,2,2,2
"chr03_032688865",1,1,0,0,0,0,0,1,0,1,1
"chr03_032935526",1,1,2,2,2,2,2,1,2,1,1
"chr03_033827649",1,1,0,0,0,0,0,1,0,1,1
"chr03_034448315",1,1,2,2,2,2,2,1,2,1,1
"chr03_035013866",1,1,0,0,0,0,0,1,0,1,1
"chr03_035523338",0,2,0,0,0,0,0,0,0,0,0
"chr03_035523453",0,2,0,0,0,0,0,0,0,0,0
"chr03_035909856",1,0,2,2,2,2,2,1,2,1,1
"chr03_036236252",2,1,2,2,2,2,2,2,2,2,2
"chr03_036618909",1,2,0,0,0,0,0,1,0,1,1
"chr04_000422237",0,2,0,0,0,2,0,0,0,0,0
"chr04_000976297",0,1,0,0,0,0,0,0,0,0,0
"chr04_002345551",0,2,0,0,0,2,0,0,0,0,0
"chr04_002345618",0,1,0,0,0,1,0,0,0,0,0
"chr04_002436363",0,2,0,0,0,2,0,0,0,0,0
"chr04_002576971",2,0,2,2,1,0,1,2,1,1,1
"chr04_002694804",0,2,0,0,0,2,0,0,0,0,0
"chr04_003408188",2,0,2,2,0,0,0,2,0,0,0
"chr04_003408393",2,0,2,2,1,0,1,2,1,1,1
"chr04_003408577",2,0,2,2,1,0,1,2,1,1,1
"chr04_003653089",2,0,2,2,1,0,1,2,1,1,1
"chr04_003682800",2,0,2,2,1,0,0,2,0,0,0
"chr04_003683243",0,2,0,0,1,2,1,0,1,1,1
"chr04_004233955",2,0,2,2,1,0,1,2,1,1,1
"chr04_004667613",0,1,0,0,0,1,0,0,0,0,0
"chr04_006678409",1,2,0,0,1,2,1,1,1,1,1
"chr04_006719136",2,1,2,2,2,1,2,2,2,2,2
"chr04_006748357",1,2,0,0,1,2,1,1,1,1,1
"chr04_007550755",1,0,2,2,2,0,1,1,1,1,2
"chr04_008465013",0,2,0,0,0,2,0,0,0,0,0
"chr04_008894970",1,2,0,0,1,2,1,1,1,1,1
"chr04_008895117",0,2,0,0,0,2,0,0,0,0,0
"chr04_009366306",1,0,2,2,1,0,1,1,1,1,1
"chr04_009760802",1,2,0,0,1,2,1,1,1,1,1
"chr04_011129236",0,0,0,0,0,2,0,0,0,0,0
"chr04_013350194",1,1,0,1,1,2,1,1,1,1,1
"chr04_013456446",0,0,0,0,0,2,0,0,0,0,0
"chr04_015886649",1,1,2,1,1,0,1,1,2,1,1
"chr04_017098678",1,1,0,1,1,2,1,1,1,1,1
"chr04_018660390",1,0,0,0,0,0,1,0,0,0,0
"chr04_019914195",2,2,2,2,2,0,2,2,2,2,2
"chr04_020400572",0,0,0,0,0,2,0,0,0,0,0
"chr04_020916095",1,1,1,1,1,2,1,1,1,1,1
"chr04_023024557",0,0,0,0,0,2,0,0,0,0,0
"chr04_024610965",1,1,0,1,1,1,1,1,1,1,1
"chr04_025112157",0,0,0,0,0,2,0,0,0,0,0
"chr04_025821586",1,1,1,1,1,2,0,0,1,1,1
"chr04_025821709",1,1,1,1,1,2,0,0,1,1,1
"chr04_029611178",0,0,0,0,0,0,0,0,2,0,0
"chr04_030843676",1,2,2,2,2,2,2,2,2,2,2
"chr04_031240655",2,2,2,1,1,1,0,1,2,1,1
"chr04_031943082",2,1,0,0,0,0,0,0,2,0,0
"chr04_032465807",2,2,1,1,0,1,0,0,2,1,1
"chr04_034392819",0,1,0,0,0,0,0,0,0,0,0
"chr04_035944546",1,0,0,0,0,0,0,0,0,0,0
"chr05_001422004",1,0,1,1,2,1,0,1,0,1,1
"chr05_001422111",1,0,1,1,2,1,0,1,0,1,1
"chr05_001625255",1,0,1,1,2,1,0,1,0,2,1
"chr05_002076245",0,2,0,0,0,0,2,0,2,0,0
"chr05_002567882",0,2,0,0,0,0,2,0,2,0,0
"chr05_002694477",1,0,2,1,2,1,0,1,0,2,1
"chr05_002694553",1,0,2,1,2,1,0,1,0,2,1
"chr05_002860471",1,0,2,1,2,1,0,1,0,2,1
"chr05_005483318",0,1,0,0,0,0,1,0,0,0,0
"chr05_006598078",1,0,2,1,2,0,0,1,0,2,1
"chr05_006598158",0,2,0,0,0,2,2,0,2,0,0
"chr05_006612936",1,0,2,1,2,0,0,1,0,2,1
"chr05_006840110",2,1,2,2,2,2,2,2,2,2,2
"chr05_007148030",0,2,0,0,0,1,1,0,2,0,0
"chr05_007195929",1,0,2,1,2,0,0,1,0,2,1
"chr05_007564251",1,0,2,1,2,0,0,1,0,2,1
"chr05_008723187",1,0,2,1,2,0,0,1,0,2,1
"chr05_008723360",0,0,2,0,2,0,0,0,0,2,0
"chr05_008723385",1,2,0,1,0,2,2,1,2,0,1
"chr05_008882098",0,2,0,0,0,0,0,0,0,0,0
"chr05_009794297",1,2,0,0,0,2,1,1,2,0,1
"chr05_010631623",0,1,0,0,0,2,2,0,2,0,0
"chr05_010947758",1,0,2,2,2,0,0,1,0,2,1
"chr05_011027457",0,2,0,0,0,2,0,0,2,0,0
"chr05_011759994",2,1,2,2,0,0,2,2,0,2,2
"chr05_012706974",1,0,2,2,0,0,1,1,0,2,1
"chr05_015381202",1,1,0,0,2,2,2,1,2,0,1
"chr05_017066492",0,0,0,0,1,1,0,0,1,0,0
"chr05_017092581",0,0,0,0,2,2,2,0,2,0,0
"chr05_020012129",0,0,0,0,2,2,2,0,2,0,0
"chr05_021649494",1,1,1,1,0,0,0,1,0,2,1
"chr05_021649641",0,0,0,0,1,1,1,0,1,0,0
"chr05_022614172",0,0,0,0,2,2,2,0,2,0,0
"chr05_024152160",1,1,1,1,1,0,0,1,0,2,1
"chr05_024790533",1,1,1,1,1,2,2,1,2,0,1
"chr05_026926140",0,0,0,0,0,0,0,0,2,0,0
"chr05_027466108",1,1,1,1,1,1,2,1,1,2,1
"chr05_030496551",0,0,0,0,0,1,0,0,0,0,0
"chr06_000197825",0,2,0,1,2,1,2,2,1,1,1
"chr06_000770717",2,0,2,1,0,1,0,0,1,1,1
"chr06_001594538",1,0,0,0,0,0,0,0,0,0,0
"chr06_002058272",2,0,1,1,0,1,0,0,1,1,1
"chr06_002123611",2,0,0,0,0,0,0,0,0,0,0
"chr06_002482038",2,0,0,0,0,0,0,0,0,2,0
"chr06_003676060",1,0,0,0,0,0,0,0,0,1,0
"chr06_004226496",0,2,1,1,2,1,1,2,1,0,1
"chr06_004720381",2,0,0,1,0,1,1,0,1,2,1
"chr06_006181707",0,0,0,0,0,0,0,0,0,1,0
"chr06_006390622",2,2,2,2,2,2,2,2,2,1,2
"chr06_009059061",0,0,0,0,0,0,0,0,0,1,0
"chr06_009780406",1,0,0,1,1,1,1,0,1,2,1
"chr06_010144506",1,2,2,1,1,1,1,1,1,0,1
"chr06_011048637",2,2,2,2,2,2,2,2,2,1,2
"chr06_012452356",0,0,0,0,0,2,0,0,0,2,0
"chr06_012510129",2,2,2,2,2,1,2,2,2,1,2
"chr06_012628617",0,0,0,0,0,1,0,0,0,1,0
"chr06_012837292",1,2,2,1,1,0,1,1,1,0,1
"chr06_016124158",2,2,2,1,2,2,1,2,2,2,2
"chr06_016124201",2,2,2,1,2,2,1,2,2,2,2
"chr06_016487405",0,0,0,0,1,0,0,0,0,1,0
"chr06_016952367",2,1,1,2,2,2,2,2,2,2,2
"chr06_019152772",0,0,0,1,2,1,1,1,1,2,1
"chr06_019677446",0,0,0,1,2,1,1,1,1,2,1
"chr06_020686382",0,0,0,0,1,0,0,0,0,2,0
"chr06_021865699",2,2,2,2,1,2,2,2,2,1,2
"chr06_023154622",2,2,2,1,0,1,1,1,1,0,1
"chr06_024490501",0,0,0,0,2,0,0,0,0,2,0
"chr06_026746365",2,2,2,2,1,2,2,2,2,2,2
"chr06_026996737",0,0,0,0,1,0,0,0,0,1,0
"chr06_027605647",2,2,2,2,1,2,2,2,2,1,2
"chr06_030365142",0,0,0,0,2,0,0,0,2,0,0
"chr06_030365248",0,0,0,0,2,0,0,0,2,0,0
"chr06_032422241",2,2,2,2,2,2,2,2,0,2,2
"chr06_032430270",2,2,2,2,2,2,2,2,1,2,2
"chr06_033839632",2,1,1,1,1,2,2,2,0,1,1
"chr06_034643731",0,1,1,1,1,0,0,0,1,1,1
"chr06_035200046",0,1,1,1,1,0,0,0,1,1,1
"chr06_036508915",2,2,1,2,2,2,2,2,2,2,2
"chr06_037116119",2,1,0,1,1,2,2,2,1,1,1
"chr06_037870200",2,1,0,1,1,2,2,2,1,1,1
"chr06_038027474",2,1,0,1,1,2,2,2,1,1,1
"chr06_039543187",2,1,0,1,1,2,2,2,1,1,1
"chr07_002436899",2,1,1,1,2,1,1,1,1,2,1
"chr07_002476957",2,1,1,1,2,1,1,1,1,2,1
"chr07_003169613",2,1,2,1,2,1,1,1,1,2,1
"chr07_004607244",0,0,0,1,1,1,1,1,1,0,1
"chr07_005445330",0,0,1,1,1,1,1,1,1,0,1
"chr07_006240282",0,0,1,1,1,1,1,1,1,0,1
"chr07_006867386",0,0,1,1,1,1,1,1,1,0,1
"chr07_007356859",2,2,1,1,1,1,1,1,1,2,1
"chr07_007640327",0,0,1,1,1,1,1,1,1,0,1
"chr07_008510890",1,2,2,2,2,2,1,2,2,2,2
"chr07_009901825",1,0,1,1,1,1,1,1,1,0,1
"chr07_010243734",1,0,1,1,1,1,1,1,1,0,1
"chr07_010745049",1,0,1,1,1,1,1,1,1,0,1
"chr07_011395990",1,1,1,1,1,1,1,1,1,2,1
"chr07_013222833",1,1,1,1,1,1,2,1,1,0,1
"chr07_014926338",1,1,1,1,1,1,2,1,1,0,1
"chr07_017980443",2,2,2,2,2,2,1,1,2,2,2
"chr07_018303305",0,0,0,0,0,0,1,1,0,0,0
"chr07_019187237",2,2,2,2,2,2,2,1,2,2,2
"chr07_023352019",1,1,2,1,1,1,0,0,1,2,1
"chr07_023692323",1,1,0,1,1,1,2,2,1,0,1
"chr07_024404078",0,0,0,0,0,0,2,2,0,0,0
"chr07_025656406",1,1,1,1,1,1,0,0,1,2,1
"chr07_026691936",1,1,1,1,1,1,1,1,1,2,1
"chr07_028579494",1,1,1,0,1,0,0,1,1,0,1
"chr07_028837466",1,1,1,1,1,1,1,1,1,2,1
"chr07_030208428",1,1,1,1,1,1,1,1,1,2,1
"chr07_030940119",0,1,1,1,1,0,0,1,0,0,1
"chr07_031125893",0,1,1,1,1,0,0,1,0,0,1
"chr07_035510240",1,0,1,1,2,1,0,1,0,1,1
"chr07_035574432",2,2,2,2,2,2,1,2,2,2,2
"chr07_035574495",0,2,0,0,0,0,1,0,2,0,0
"chr08_000056185",2,0,1,1,0,1,1,2,1,2,1
"chr08_000558012",0,2,1,1,2,1,1,0,1,0,1
"chr08_000599165",2,0,1,1,0,1,1,2,1,2,1
"chr08_000988766",2,0,1,1,0,1,1,2,1,2,1
"chr08_001398536",1,2,2,2,2,2,2,2,2,1,2
"chr08_001949134",1,2,2,2,2,2,2,2,2,2,2
"chr08_003123919",0,1,0,0,2,0,0,0,0,0,0
"chr08_003129664",2,0,0,2,0,0,0,2,0,2,0
"chr08_003447755",2,0,0,2,0,0,0,2,0,2,0
"chr08_003447920",2,0,0,2,0,0,0,2,0,2,0
"chr08_004011195",0,2,1,0,2,1,1,0,0,0,1
"chr08_004340641",0,2,1,1,2,1,2,1,2,0,1
"chr08_004592522",2,2,2,2,2,2,1,2,2,2,2
"chr08_004645864",2,0,2,2,2,2,2,2,2,2,2
"chr08_004940577",2,2,1,2,2,2,1,2,2,2,1
"chr08_005740029",1,2,2,2,2,2,2,2,2,1,2
"chr08_005995066",2,0,0,0,0,0,0,0,0,2,0
"chr08_008139103",1,0,1,1,0,1,0,1,0,2,1
"chr08_009867283",0,0,2,0,0,0,0,0,0,2,0
"chr08_010893081",2,2,2,2,2,2,2,2,2,1,2
"chr08_011249543",1,0,2,1,0,1,0,1,0,2,1
"chr08_014534144",0,0,0,0,0,0,0,0,0,2,0
"chr08_016052258",2,2,2,2,2,2,2,2,2,1,2
"chr08_016725909",1,2,1,2,2,1,2,1,2,0,1
"chr08_016808964",1,0,1,0,0,1,0,1,0,2,1
"chr08_020121409",2,2,2,2,2,2,2,2,2,1,2
"chr08_020121482",2,2,2,2,2,2,2,2,2,1,2
"chr08_021394203",1,2,1,2,2,1,2,1,2,0,1
"chr08_024630092",1,0,1,0,0,1,0,1,0,2,1
"chr08_025551412",1,2,1,2,2,1,2,1,2,0,1
"chr08_026271676",1,2,1,2,2,1,2,1,2,0,1
"chr08_027288352",1,0,1,0,0,1,0,1,0,2,1
"chr08_028879044",0,2,0,2,2,0,2,0,2,0,0
"chr08_029651045",0,2,1,2,2,1,2,1,2,0,1
"chr08_030147442",2,0,1,0,0,1,0,1,0,2,1
"chr08_030147608",2,0,1,0,0,1,0,1,0,2,1
"chr08_031195104",1,0,0,0,0,0,0,0,0,1,0
"chr08_031195172",2,2,2,2,2,1,2,2,2,2,2
"chr08_031693731",0,2,2,2,2,2,2,2,2,0,2
"chr08_034814641",2,1,0,0,1,0,0,1,2,2,1
"chr08_036988583",2,1,0,0,0,0,0,1,2,2,1
"chr08_037587232",2,2,2,2,1,2,2,2,2,2,2
"chr08_038253128",1,0,0,0,1,0,0,0,1,1,0
"chr09_000634275",2,2,2,1,2,2,2,2,2,2,2
"chr09_000842502",2,2,0,0,0,0,0,0,0,0,0
"chr09_001154255",1,0,2,2,1,1,1,1,2,2,1
"chr09_001914611",0,2,0,0,0,0,0,0,0,0,0
"chr09_001914672",2,2,2,2,2,1,2,2,2,2,2
"chr09_001923316",1,2,0,0,1,1,1,1,0,0,1
"chr09_001959697",1,0,2,2,1,1,1,1,2,2,1
"chr09_002466159",1,0,2,2,1,1,1,1,2,2,1
"chr09_003166991",2,2,1,2,2,2,2,2,2,2,2
"chr09_004538943",1,1,2,2,1,2,1,1,2,2,1
"chr09_004708670",1,2,2,2,2,2,2,2,2,2,2
"chr09_004839568",1,1,0,0,1,0,1,1,0,0,1
"chr09_005256021",2,1,2,2,2,2,2,2,2,2,2
"chr09_005725932",2,2,2,0,2,2,2,2,2,2,2
"chr09_010314691",1,1,1,2,2,2,1,2,2,2,2
"chr09_012085903",1,2,1,2,1,2,1,2,1,2,1
"chr09_015446061",1,1,1,2,1,1,1,2,1,1,1
"chr09_015561838",1,2,2,2,2,1,2,2,1,2,2
"chr09_015760060",1,1,1,2,1,1,1,2,1,1,1
"chr09_016313500",1,1,1,1,1,1,1,2,1,1,1
"chr09_018662170",1,2,1,1,1,1,1,2,1,1,1
"chr09_020163817",1,0,1,1,1,1,1,0,0,1,1
"chr09_022115182",1,1,1,1,2,1,1,1,1,1,1
"chr09_022115236",1,1,1,2,0,1,1,2,2,1,1
"chr09_022115385",2,2,2,2,2,2,0,2,2,2,2
"chr09_022116326",2,1,1,1,0,2,1,2,2,1,1
"chr09_022926219",0,0,2,0,0,2,0,2,2,0,0
"chr09_024139588",1,1,2,1,0,2,0,1,2,1,1
"chr09_024202030",1,1,2,1,0,2,0,1,2,1,1
"chr09_025429039",0,0,0,0,0,0,2,0,0,0,0
"chr09_026408337",2,2,2,1,2,2,2,2,2,2,2
"chr09_027557395",1,1,2,1,0,2,0,1,2,1,1
"chr09_027669727",1,1,2,1,0,2,0,1,2,1,1
"chr09_027670531",1,1,2,1,0,2,0,1,2,1,1
"chr09_028716492",0,0,0,0,1,0,1,0,0,0,0
"chr09_030926935",2,0,0,0,2,0,2,0,0,0,0
"chr09_031324348",0,1,1,1,0,2,0,1,2,1,1
"chr09_032095706",0,1,1,1,0,2,0,1,2,1,1
"chr09_033026689",2,0,0,0,2,0,2,0,0,0,0
"chr09_034928640",1,1,2,1,0,2,0,1,2,2,0
"chr09_036647423",2,2,0,0,2,0,0,0,0,0,0
"chr09_037352830",2,2,0,0,2,0,0,0,0,0,0
"chr09_038322347",0,2,2,2,0,2,2,2,2,2,2
"chr09_040344348",2,2,0,0,2,0,0,0,0,0,0
"chr09_041407931",2,1,1,1,2,1,1,1,1,2,1
"chr10_000604293",2,2,1,2,2,2,2,2,2,2,2
"chr10_000941097",0,0,1,0,0,0,0,0,0,0,0
"chr10_002696535",2,2,0,1,1,2,1,1,2,1,1
"chr10_002704663",2,2,0,2,2,2,2,2,2,2,2
"chr10_002704723",0,0,2,0,0,0,0,0,0,0,0
"chr10_004398245",0,0,1,0,0,0,0,0,0,0,0
"chr10_007058453",2,2,1,0,2,2,1,1,2,1,1
"chr10_007492747",0,0,0,2,0,0,0,0,0,0,0
"chr10_007657615",2,2,2,0,2,2,2,2,2,2,2
"chr10_008185294",2,2,1,0,2,2,1,1,1,1,1
"chr10_008662136",2,2,1,0,2,2,1,1,1,1,1
"chr10_008787429",0,0,0,0,0,1,0,0,0,0,0
"chr10_009217595",0,0,1,2,0,0,1,1,1,1,1
"chr10_009516205",0,0,0,0,0,0,1,0,0,0,0
"chr10_011810834",0,0,2,0,0,0,2,0,0,0,0
"chr10_012559028",2,2,1,2,2,2,1,2,1,2,2
"chr10_012810076",0,0,1,1,0,0,2,1,2,0,1
"chr10_013765668",2,2,2,2,2,2,1,2,1,2,2
"chr10_014408214",0,0,0,0,0,0,1,0,1,0,0
"chr10_016495764",2,2,2,2,2,2,1,2,1,2,2
"chr10_017370317",2,2,1,1,2,2,0,1,0,2,1
"chr10_018120143",2,2,1,1,2,2,0,1,0,2,1
"chr10_019983777",0,0,0,0,0,0,2,0,2,0,0
"chr10_021964121",0,0,0,0,0,0,1,0,1,0,0
"chr10_023343822",2,2,1,1,2,2,0,1,0,2,1
"chr10_023761524",0,0,0,0,0,0,0,0,2,0,0
"chr10_024714149",0,0,0,0,0,0,0,0,2,0,0
"chr10_025354512",0,0,0,0,0,0,0,0,2,0,0
"chr10_026028634",0,0,0,0,0,0,0,0,2,0,0
"chr10_026028756",0,0,1,0,0,0,1,0,2,1,1
"chr10_026028830",0,0,1,0,0,0,0,0,2,1,1
"chr10_026692317",0,0,0,0,0,0,0,0,2,0,0
"chr10_027355952",0,0,0,0,0,0,0,0,2,0,0
"chr10_027702472",0,0,1,0,0,0,1,0,2,1,1
"chr10_027702558",0,0,0,0,0,0,0,0,1,0,0
"chr10_027804714",2,2,1,2,2,2,1,2,0,1,1
"chr10_028114892",2,2,2,2,2,2,1,1,0,1,1
"chr10_029096220",0,0,0,0,0,0,0,0,2,0,0
"chr10_030554312",2,2,2,2,2,1,1,1,0,2,1
"chr10_031204423",0,0,0,0,0,1,1,1,2,1,1
"chr10_031935247",2,2,2,0,2,2,2,2,2,2,2
"chr10_032242021",0,0,0,0,0,1,0,0,2,0,0
"chr10_032372959",2,1,2,2,1,0,1,1,0,1,1
"chr10_032373000",2,1,2,2,1,0,1,1,0,2,1
"chr10_033015400",0,0,0,0,0,2,0,0,2,0,0
"chr10_033251236",0,0,0,0,0,2,0,0,2,0,0
"chr10_033340913",0,1,0,0,0,2,0,0,2,0,1
"chr11_000338729",1,1,0,1,2,0,0,0,0,1,1
"chr11_000924552",2,2,2,2,0,2,2,2,2,2,2
"chr11_002585490",0,0,0,0,2,0,0,0,0,0,0
"chr11_003348967",2,2,2,2,1,2,2,2,2,2,2
"chr11_003949514",1,1,0,1,2,0,0,0,0,1,1
"chr11_003949633",1,1,0,1,2,0,0,0,0,1,1
"chr11_004786786",2,2,2,2,1,2,2,2,2,2,2
"chr11_005548275",2,2,2,2,1,2,2,2,2,2,2
"chr11_006081812",1,1,2,1,0,2,2,2,2,1,1
"chr11_007076598",1,1,2,1,0,1,2,2,2,1,1
"chr11_007526678",0,0,0,0,2,0,0,0,0,0,0
"chr11_007843845",1,1,2,1,0,1,2,2,2,1,1
"chr11_009553410",1,1,2,1,0,1,2,2,2,1,1
"chr11_010042184",0,0,0,0,2,0,0,0,0,0,0
"chr11_013002501",0,0,0,0,1,1,0,0,0,0,0
"chr11_013407863",0,0,0,0,2,2,0,0,0,0,0
"chr11_013613849",1,1,2,1,0,0,2,2,1,1,1
"chr11_014344405",0,0,0,0,2,0,0,0,0,0,0
"chr11_014886765",1,1,1,1,2,2,0,0,1,1,1
"chr11_015265263",1,1,1,1,2,2,0,0,1,1,1
"chr11_015662919",2,2,2,2,1,2,2,2,2,2,2
"chr11_015973683",2,2,2,2,1,0,2,2,2,2,2
"chr11_016901341",1,1,1,1,0,0,2,1,1,1,1
"chr11_019649506",1,1,1,2,2,2,0,1,1,1,1
"chr11_020197141",1,1,1,0,0,0,2,1,1,1,1
"chr11_024005853",0,0,0,0,1,0,0,0,0,0,0
"chr11_024112099",2,2,2,0,0,0,2,2,2,2,2
"chr11_025608372",0,1,1,2,2,2,0,1,1,1,1
"chr11_026158220",2,1,1,0,0,0,1,1,1,1,1
"chr11_027618063",2,2,2,1,2,2,2,2,2,2,2
"chr11_027894327",2,1,2,0,0,0,1,1,1,1,1
"chr11_029227413",2,2,2,0,1,2,2,2,2,2,2
"chr11_029278168",0,0,0,1,2,0,0,0,0,0,0
"chr11_029582026",2,2,2,2,2,1,2,1,2,2,2
"chr11_029582093",2,2,2,2,2,2,1,2,2,2,2
"chr11_029592121",0,0,0,1,0,0,0,0,0,0,0
"chr11_029716871",0,0,0,1,1,0,0,0,0,0,0
"chr11_029865089",0,0,0,1,1,0,0,0,0,0,0
"chr11_030353955",0,0,0,2,2,0,0,0,0,0,0
"chr11_030686187",2,1,2,0,0,1,1,1,1,1,1
"chr11_031156782",2,1,2,0,0,1,1,1,1,2,1
"chr11_031184089",2,2,2,0,0,2,2,2,2,2,2
"chr11_031184155",2,2,2,0,0,2,2,2,2,2,2
"chr11_031497096",2,1,1,0,0,1,1,1,1,2,1
"chr11_031598204",0,0,0,1,1,0,0,0,0,0,0
"chr11_031598322",1,1,1,2,2,1,1,1,1,1,1
"chr11_033374447",2,1,2,0,0,1,1,1,1,2,1
"chr11_034466818",1,2,1,2,2,2,2,2,2,1,2
"chr11_034466841",2,0,2,0,0,0,0,0,2,2,0
"chr11_034844641",0,0,0,2,2,0,0,0,0,0,0
"chr11_035249665",2,2,2,2,1,2,2,2,2,2,2
"chr11_035363225",0,0,0,1,1,0,0,0,0,0,0
"chr11_037407551",0,0,0,2,0,0,0,0,0,0,0
"chr11_037512742",0,0,0,2,0,0,0,0,0,0,0
"chr12_000086292",2,2,2,2,2,2,2,2,2,2,0
"chr12_000532598",2,2,2,2,2,2,2,2,2,2,1
"chr12_000724529",2,1,2,2,1,2,2,1,1,1,2
"chr12_000899387",2,2,2,2,2,2,2,1,2,2,1
"chr12_002433495",2,2,2,1,2,2,2,2,2,2,1
"chr12_003875525",2,2,2,2,2,1,2,2,2,2,2
"chr12_003992977",0,0,0,1,0,0,0,0,0,0,1
"chr12_005182382",0,0,0,1,0,0,0,0,0,0,1
"chr12_005182420",2,2,1,1,2,2,2,2,2,2,2
"chr12_005280581",0,0,0,1,0,0,0,0,0,0,1
"chr12_005300841",0,0,0,1,0,0,0,0,0,0,1
"chr12_007350382",2,2,2,1,2,2,2,2,2,1,1
"chr12_007350465",2,2,2,1,2,2,2,2,2,1,1
"chr12_007516095",2,2,2,1,2,2,2,2,2,1,1
"chr12_008662204",1,0,0,0,0,0,0,0,0,2,0
"chr12_008763201",2,0,0,0,0,0,0,0,0,2,1
"chr12_009086897",2,0,1,1,0,1,0,1,0,2,1
"chr12_009735079",0,2,1,1,2,1,2,1,2,0,1
"chr12_009918826",2,0,1,1,0,1,0,1,0,2,1
"chr12_010462305",2,2,2,2,2,2,2,1,2,2,2
"chr12_014231951",1,1,1,1,2,1,0,2,1,1,1
"chr12_016182845",1,1,1,1,1,1,2,0,2,1,1
"chr12_017008258",1,2,1,1,1,1,2,0,2,1,1
"chr12_017680894",1,2,1,1,1,1,2,1,2,1,1
"chr12_018351073",2,0,2,2,2,2,1,2,1,2,2
"chr12_018816298",1,2,1,1,1,1,2,1,2,1,1
"chr12_019703038",1,0,1,1,1,1,0,1,0,1,1
"chr12_023748392",0,2,0,0,0,0,2,0,2,0,0
"chr12_024226970",2,0,2,2,2,2,0,2,0,2,2
"chr12_024595101",0,2,0,0,0,0,2,0,2,0,0
"chr12_024713754",0,0,0,0,0,0,0,0,1,0,0
"chr12_025050914",0,1,0,0,0,0,1,0,1,0,0
"chr12_026457095",1,1,1,1,1,2,0,1,1,2,1
"chr12_027256749",0,2,0,0,0,0,2,0,2,0,0
"chr12_027445751",0,2,0,0,0,0,2,0,2,0,0
"chr12_027516346",1,0,1,1,1,1,0,1,0,1,1
"chr12_028149881",0,2,0,0,0,0,2,0,2,0,0
"chr12_028286476",1,2,1,1,1,1,2,1,2,1,1
"chr12_029585555",0,1,0,0,0,0,1,0,0,0,0
"chr12_029909573",1,0,1,1,1,1,0,1,0,1,1
"chr12_030142246",0,0,0,0,0,0,1,0,1,0,0
"chr12_031580147",2,2,2,2,2,2,2,2,1,2,2
"chr12_032835664",2,2,2,1,2,2,1,2,1,2,2
"chr12_033120361",0,0,0,1,0,0,1,0,0,0,0
"chr12_033326758",1,1,1,0,1,1,0,1,0,1,1
"chr12_033671322",0,0,0,2,0,0,2,0,2,0,0
"chr12_033783317",2,2,2,1,2,2,1,2,1,2,2
"chr12_034372584",1,1,1,1,1,1,1,2,0,1,1
"chr12_034948486",1,1,1,1,1,1,1,2,0,1,1
"chr12_035208831",2,2,2,2,2,2,2,2,1,2,2
"chr12_036437314",2,2,2,2,2,2,2,2,1,2,2
"chr12_037599013",1,2,1,1,1,1,1,2,0,1,1
"chr12_037919575",1,2,1,1,1,1,1,2,0,1,1
"chr12_038910669",1,0,1,1,1,1,1,0,2,1,1
"chr12_040618883",1,2,1,1,1,1,1,2,0,2,1
