"","Macro4x_01","Macro4x_02","Macro4x_03","Macro4x_04","Oxy4x_01","Oxy4x_02","Oxy4x_03","Oxy4x_04","Oxy4x_05","Oxy4x_06","Oxy4x_07","Oxy4x_08","Oxy4x_09","Oxy4x_10","Oxy4x_11","Oxy4x_12","Oxy4x_13","Oxy4x_14","Oxy4x_15","Oxy4x_16","Oxy4x_17","Oxy4x_18"
"chr01_000175030",4,4,4,4,0,4,4,3,4,4,4,2,4,4,2,2,4,2,4,4,4,4
"chr01_000175165",4,3,1,4,0,4,4,3,4,4,4,2,4,4,2,2,4,3,4,4,4,4
"chr01_001273044",3,4,2,4,4,4,4,4,4,4,4,4,4,4,4,4,4,4,4,4,4,4
"chr01_001465651",4,1,2,1,4,4,4,4,4,4,0,0,1,0,1,4,0,4,0,1,4,4
"chr01_001831908",2,1,4,2,1,2,0,0,0,1,1,2,1,1,2,0,1,0,1,2,0,0
"chr01_001974844",2,1,4,2,3,0,2,0,1,1,2,1,1,0,0,0,0,0,0,2,2,1
"chr01_002304148",2,4,4,4,3,4,4,4,4,4,4,4,4,4,4,4,4,4,4,4,4,3
"chr01_002446068",4,4,0,2,4,4,0,4,4,4,4,4,3,2,4,4,4,4,4,4,4,4
"chr01_002701030",4,4,4,4,0,2,1,3,2,2,2,4,2,2,1,4,2,3,1,1,4,3
"chr01_002701177",4,4,4,4,0,1,0,1,0,0,2,4,2,2,0,4,0,2,0,0,0,0
"chr01_002749173",2,3,4,4,4,4,4,4,4,4,4,4,4,3,4,4,4,4,4,4,4,4
"chr01_002977274",1,1,0,0,0,0,0,0,0,0,0,0,0,0,0,0,0,0,0,0,0,0
"chr01_002977411",4,4,4,4,4,4,4,4,4,4,4,4,4,4,4,4,4,4,4,4,3,4
"chr01_003092865",2,1,0,2,0,0,0,1,0,0,0,0,0,0,0,0,0,1,0,0,0,0
"chr01_004138065",3,4,4,4,4,4,4,4,4,4,4,4,4,4,4,4,4,4,4,4,4,4
"chr01_004186267",4,4,1,4,3,4,4,4,3,2,4,3,3,4,4,4,4,4,3,3,3,4
"chr01_004186329",2,4,4,3,3,2,4,3,3,2,1,4,2,4,1,3,1,3,1,3,2,2
"chr01_005647196",4,2,3,2,1,0,3,2,2,2,0,2,4,0,2,1,1,0,0,0,0,1
"chr01_005908969",2,2,4,4,0,4,4,4,0,4,4,4,4,4,4,4,4,4,4,4,4,4
"chr01_006014664",1,0,0,1,0,0,0,2,0,0,0,0,0,2,0,0,1,0,1,0,0,0
"chr01_006128452",4,3,4,4,4,4,4,4,4,4,4,4,4,4,4,4,4,4,4,4,4,4
"chr01_006165162",4,1,0,0,0,0,0,0,0,3,0,0,0,3,0,2,0,2,0,0,2,0
"chr01_006426192",4,2,3,2,0,3,1,2,0,0,4,0,0,0,3,0,4,2,0,4,1,4
"chr01_006630067",3,4,4,4,4,4,4,4,4,4,4,4,4,4,4,4,4,4,4,4,4,4
"chr01_006773129",1,0,0,0,0,0,0,0,0,0,0,0,0,0,0,0,0,0,0,0,0,0
"chr01_007386534",2,3,4,2,4,2,4,4,4,2,4,4,4,4,4,3,4,2,3,4,3,4
"chr01_007643666",4,2,4,1,4,4,4,4,4,4,4,4,4,4,4,4,4,4,3,4,4,4
"chr01_008013059",2,2,3,2,4,2,4,4,4,4,3,3,3,3,3,2,4,3,2,4,4,1
"chr01_008028758",2,2,1,2,4,4,4,4,2,2,4,4,3,3,4,4,4,2,4,1,2,3
"chr01_008260218",4,2,1,2,4,3,2,4,3,2,2,4,2,4,4,4,4,4,4,4,4,4
"chr01_008260320",4,2,4,2,4,4,3,4,4,4,2,4,4,4,4,4,4,3,4,2,4,4
"chr01_008390536",4,3,4,2,4,4,4,4,4,4,4,4,4,4,4,4,4,4,3,4,4,4
"chr01_008514882",2,3,1,2,2,3,4,4,4,4,4,4,4,4,4,4,4,4,4,4,4,4
"chr01_009056051",4,2,2,1,0,0,0,0,0,0,0,0,0,0,0,0,0,0,1,0,0,0
"chr01_009121550",4,4,4,4,4,4,4,4,4,4,4,4,4,4,4,4,4,4,4,4,3,4
"chr01_009121636",2,4,3,2,4,4,4,4,4,4,4,4,2,4,3,4,4,4,4,4,4,3
"chr01_009212668",4,4,1,4,4,4,3,4,2,3,4,2,4,3,4,3,3,4,3,4,4,4
"chr01_009212708",4,4,0,4,2,2,2,4,0,0,4,1,4,1,4,2,3,4,2,4,4,4
"chr01_009234526",4,1,0,0,0,0,0,0,0,0,0,0,0,0,0,0,0,0,4,0,0,0
"chr01_009556567",4,4,3,3,4,4,4,4,4,4,4,3,4,4,4,4,4,4,4,4,4,4
"chr01_009556596",4,4,4,4,2,4,4,2,4,4,3,4,3,4,4,4,2,3,4,4,4,3
"chr01_009564291",2,2,0,2,1,0,3,0,2,1,0,2,2,2,1,1,0,2,3,1,0,1
"chr01_009564360",4,4,4,4,0,0,0,0,3,0,0,0,0,1,0,0,0,2,3,2,0,0
"chr01_009906648",4,4,4,4,4,2,4,4,3,4,4,3,4,4,3,3,4,4,2,3,4,1
"chr01_011095491",4,4,4,4,1,0,1,3,0,4,3,1,4,4,4,0,2,3,2,2,0,3
"chr01_011638343",4,4,4,4,4,4,4,4,4,4,4,0,4,2,4,4,4,4,4,4,4,4
"chr01_012301670",4,4,3,2,4,4,1,4,3,4,3,3,4,4,4,3,4,4,4,3,4,4
"chr01_012381458",4,4,4,2,1,0,3,0,3,2,2,1,1,2,3,0,0,1,2,2,0,1
"chr01_012697575",2,4,0,4,3,4,0,4,4,4,2,4,0,4,0,4,2,1,2,3,4,3
"chr01_014024643",1,0,0,0,0,0,0,0,0,0,0,0,0,0,0,0,0,0,0,0,0,0
"chr01_014317369",4,4,1,4,4,4,4,4,4,4,4,4,4,4,4,2,3,3,4,4,4,4
"chr01_015161370",4,0,4,4,4,2,4,0,4,4,4,4,4,2,2,4,2,4,3,3,4,4
"chr01_015260368",2,4,4,2,3,4,4,4,4,4,3,3,4,4,4,4,4,4,3,4,4,3
"chr01_015534097",4,4,4,4,4,4,4,4,3,4,4,4,4,4,4,4,4,4,4,4,4,4
"chr01_016169213",4,4,4,4,2,4,3,4,4,4,3,4,3,4,4,4,4,2,3,3,4,3
"chr01_016174641",4,3,4,4,4,4,4,4,4,4,4,4,4,4,4,4,4,4,4,4,4,4
"chr01_016174797",4,3,4,4,4,4,4,4,4,4,4,4,4,4,4,4,4,4,4,4,4,4
"chr01_017196294",2,1,0,0,2,4,0,1,1,3,2,3,3,1,4,2,4,3,3,4,1,3
"chr01_017196397",2,1,0,0,2,4,0,0,0,0,1,3,3,0,4,2,4,3,2,4,0,2
"chr01_017481133",4,4,4,4,4,4,4,4,3,4,3,4,4,4,4,4,4,4,4,3,4,4
"chr01_017687057",4,1,4,2,1,0,0,0,2,0,1,1,1,1,0,0,0,1,2,0,0,2
"chr01_018734158",2,1,4,4,4,2,4,2,4,4,3,4,4,3,1,3,3,3,3,3,4,4
"chr01_019297521",4,4,3,0,2,2,4,4,0,4,4,4,4,4,4,4,4,1,2,4,4,0
"chr01_019440627",4,4,4,4,2,2,3,0,4,0,1,0,2,0,0,0,0,3,2,1,0,4
"chr01_020084630",2,2,4,4,4,4,1,4,4,4,2,4,2,4,4,4,4,4,4,3,4,4
"chr01_021147142",2,2,4,4,4,4,4,4,4,4,3,4,3,4,4,4,4,4,4,3,4,4
"chr01_021509091",2,2,4,4,2,4,3,3,4,4,2,0,2,4,4,4,4,4,3,2,4,4
"chr01_022318457",4,3,4,4,2,2,0,4,2,0,4,4,4,0,0,0,0,3,4,4,0,2
"chr01_022318519",1,1,0,0,0,0,0,0,1,0,4,0,4,0,0,0,0,0,0,3,0,0
"chr01_022460583",2,2,0,0,2,2,0,4,4,4,4,4,4,0,4,4,4,1,0,4,2,2
"chr01_022674801",4,2,4,2,4,1,4,0,1,0,1,0,1,2,0,0,0,4,3,1,0,1
"chr01_022792171",4,1,3,2,2,2,4,0,0,4,0,0,0,2,0,0,0,4,3,0,0,2
"chr01_023128018",2,0,0,0,0,0,0,0,1,2,0,1,0,1,1,0,0,0,0,1,0,0
"chr01_023358064",4,4,1,0,3,2,4,4,3,4,4,4,4,4,4,4,4,0,3,4,4,0
"chr01_023358151",2,1,0,0,0,0,0,0,0,0,0,0,0,0,0,0,0,0,0,0,0,0
"chr01_023604552",1,0,2,4,1,4,0,0,1,0,0,0,0,1,0,0,0,4,1,0,0,4
"chr01_023640059",4,3,4,4,4,4,4,4,4,4,4,4,4,4,4,4,4,4,4,4,4,4
"chr01_023640129",4,3,4,4,4,4,4,4,3,4,2,1,2,2,3,4,3,4,4,3,3,4
"chr01_023651321",4,3,4,4,3,3,3,4,2,2,1,1,2,2,1,4,2,4,4,3,1,2
"chr01_023651350",4,4,4,4,4,4,3,3,4,4,4,4,4,4,4,4,4,4,4,4,4,4
"chr01_023761878",4,1,3,2,4,2,4,2,3,2,1,0,0,4,2,0,1,2,3,2,0,2
"chr01_023798068",4,4,4,4,2,4,2,4,4,4,4,4,4,3,4,4,4,4,3,4,4,4
"chr01_023800643",4,4,4,4,3,4,2,4,3,3,4,4,4,2,3,4,4,4,3,4,4,4
"chr01_023800778",4,4,4,4,3,4,2,4,3,3,4,4,4,3,3,4,4,4,3,4,4,4
"chr01_024464273",4,4,0,2,4,4,4,4,3,2,2,4,4,2,0,4,4,4,3,4,2,4
"chr01_025103462",4,3,1,0,0,2,3,0,2,0,0,0,2,0,0,0,0,2,0,2,0,0
"chr01_025472146",4,4,4,4,4,4,2,4,4,4,4,4,4,4,4,4,4,4,4,4,4,4
"chr01_026246387",4,4,1,4,4,4,4,4,4,4,4,4,4,4,4,4,4,4,3,4,4,4
"chr01_026475375",4,4,1,4,1,1,3,3,1,1,1,2,0,1,0,0,1,1,2,3,1,3
"chr01_026475584",4,4,1,4,3,3,4,3,1,2,4,3,0,1,3,1,3,2,3,4,2,3
"chr01_026491587",2,4,1,4,2,2,2,4,4,4,2,4,4,4,4,3,4,4,4,4,3,4
"chr01_026549199",3,1,4,1,2,2,1,0,0,0,4,0,0,0,2,0,2,1,0,1,2,0
"chr01_027031610",4,3,4,4,2,4,4,4,4,4,4,4,4,4,4,4,4,4,4,4,4,4
"chr01_028014577",2,1,0,0,0,0,0,0,0,0,0,0,0,0,0,0,0,0,0,0,0,0
"chr01_028062583",4,1,4,4,4,2,3,4,4,4,4,4,4,4,4,2,4,3,4,3,4,3
"chr01_028062629",2,1,0,4,4,0,2,4,3,4,2,4,2,3,2,0,3,3,3,4,2,4
"chr01_028912435",4,1,0,0,3,3,4,4,3,3,4,3,4,4,1,4,4,2,4,4,4,3
"chr01_029184283",2,1,4,0,0,0,1,0,0,0,0,0,0,0,0,0,0,0,0,1,0,0
"chr01_029556091",2,0,0,0,0,0,0,0,0,0,0,1,0,0,0,0,0,0,0,1,0,0
"chr01_029558344",4,4,4,4,4,4,4,4,4,4,4,4,4,4,4,3,4,4,4,4,4,4
"chr01_029877717",4,4,4,4,0,2,0,0,1,0,1,2,0,0,4,2,4,2,0,0,3,1
"chr01_030316071",2,1,0,1,0,0,0,0,0,0,0,0,0,0,0,0,0,0,0,0,0,1
"chr01_030742341",2,3,4,0,0,2,4,4,4,4,4,4,4,4,4,4,4,4,4,0,4,4
"chr01_030742405",1,2,4,0,0,4,4,4,4,4,4,4,3,4,4,4,4,4,4,0,4,4
"chr01_030742444",2,3,4,0,0,2,4,4,4,4,4,4,4,4,4,4,4,4,4,4,4,4
"chr01_031162161",4,3,4,4,4,4,4,4,4,4,4,4,4,4,4,4,4,4,4,4,4,4
"chr01_031352977",4,4,4,4,4,4,4,4,4,3,4,4,4,4,4,4,4,4,4,4,4,4
"chr01_031700541",4,0,1,0,0,0,0,0,0,0,0,0,0,0,0,0,0,0,0,1,0,0
"chr01_031794634",4,4,4,4,4,4,4,4,4,4,4,4,4,4,4,4,4,4,4,3,4,4
"chr01_032392319",4,4,4,4,3,2,2,4,2,0,3,3,3,3,3,3,2,4,2,4,4,2
"chr01_032392390",4,4,4,4,3,3,3,4,3,2,2,2,3,2,3,3,2,4,2,4,4,3
"chr01_032392487",4,4,4,4,4,4,4,4,4,4,4,4,3,4,4,4,4,4,4,4,4,4
"chr01_033606040",2,2,4,2,4,3,4,4,3,4,4,4,4,4,4,4,4,3,4,4,2,4
"chr01_033767903",2,0,0,0,1,0,0,0,0,0,0,0,0,0,0,0,0,0,0,0,0,0
"chr01_034619411",1,0,1,0,0,0,0,0,0,0,0,0,0,0,0,0,0,0,0,0,0,0
"chr01_034832858",4,4,0,1,2,4,4,4,4,4,2,4,4,2,4,4,4,4,4,4,3,2
"chr01_035403686",4,4,4,4,3,3,4,3,4,4,3,3,4,4,4,4,4,4,3,4,4,3
"chr01_035653398",4,3,4,2,0,0,2,0,0,0,0,0,0,1,0,1,1,1,0,0,0,0
"chr01_035653510",4,3,4,2,4,4,4,4,4,4,4,4,4,4,4,4,4,4,4,4,4,4
"chr01_035653573",4,3,4,0,0,0,4,0,0,0,0,0,0,2,0,1,4,1,0,0,0,0
"chr01_035832998",4,0,4,0,4,4,4,4,4,4,4,4,4,4,4,4,4,4,4,4,4,4
"chr01_035833075",1,0,0,0,0,0,0,0,0,0,0,0,0,0,0,0,0,0,0,0,0,0
"chr01_036723205",1,0,0,0,0,0,0,0,0,0,0,0,0,0,0,0,0,0,0,0,0,0
"chr01_036925504",4,4,4,3,3,4,4,4,4,4,4,4,4,3,4,4,3,4,4,3,4,4
"chr01_036939785",4,1,0,4,0,0,0,0,0,0,0,0,0,0,0,0,0,0,0,0,0,0
"chr01_036941014",2,3,1,4,4,2,3,4,3,3,3,4,2,4,2,3,3,4,4,4,4,2
"chr01_037753942",4,3,4,4,4,4,4,4,4,4,4,4,4,4,4,4,4,4,4,4,4,4
"chr01_037756444",4,4,4,4,2,4,3,1,4,3,4,4,0,4,3,3,3,0,3,3,1,3
"chr01_037876277",4,4,2,4,2,1,0,0,1,2,0,0,0,1,1,1,0,1,3,1,1,0
"chr01_039082143",4,2,0,4,2,2,0,0,2,0,2,2,0,0,2,3,2,0,0,2,3,1
"chr01_039082182",4,4,4,4,2,2,3,2,3,3,2,2,3,3,2,3,1,2,2,2,2,3
"chr01_039120985",4,1,0,0,0,1,0,0,0,0,2,1,0,0,3,0,0,0,0,0,2,2
"chr01_039308781",4,0,0,2,4,4,4,4,4,4,4,4,2,4,4,4,3,2,4,4,4,4
"chr01_040079858",4,3,4,2,3,4,4,4,4,4,3,3,3,4,4,4,4,4,4,3,4,4
"chr01_040303398",4,4,4,4,4,4,4,4,4,4,4,4,4,4,3,4,4,4,4,4,4,4
"chr01_040341049",4,4,2,4,0,2,2,1,1,2,2,1,2,2,1,1,0,0,2,2,2,1
"chr01_040348300",4,3,0,2,0,3,1,4,1,3,3,2,3,2,2,2,0,1,3,4,2,4
"chr01_040725824",4,3,4,3,4,4,4,4,4,4,4,4,3,4,4,3,4,4,4,4,4,0
"chr01_040725903",2,4,4,4,2,3,4,0,2,3,2,2,4,4,4,1,0,0,4,4,4,4
"chr01_040791087",4,2,4,4,4,3,0,4,2,2,3,2,4,4,1,4,4,4,3,4,4,4
"chr01_040791267",1,0,0,0,0,0,0,0,0,0,0,0,0,0,0,0,0,0,0,0,0,0
"chr01_041360992",2,1,4,0,0,1,3,0,1,1,1,1,0,0,3,0,0,0,1,1,0,1
"chr01_041564970",4,3,4,3,4,4,4,4,4,4,3,4,4,3,4,4,4,3,4,4,4,4
"chr01_041635548",4,1,0,0,4,4,4,4,2,4,1,0,4,0,3,3,3,3,2,4,2,3
"chr01_041658451",2,2,2,1,3,3,2,1,2,2,2,2,3,3,2,3,2,3,2,3,3,2
"chr01_042546361",2,1,4,0,2,0,1,0,1,1,0,1,1,0,0,1,0,0,2,3,0,0
"chr01_043321344",2,3,0,2,0,0,0,0,0,1,0,1,1,0,1,0,0,1,4,1,0,1
"chr01_043895404",4,4,4,4,0,1,2,3,3,2,3,1,4,1,1,2,2,3,0,4,1,4
"chr01_044261400",2,1,3,0,0,0,1,0,0,0,0,0,0,0,0,0,0,0,0,0,0,0
"chr01_045320095",4,2,1,2,4,4,4,4,4,3,4,4,4,4,4,4,4,4,4,4,4,4
"chr01_046041731",2,4,4,2,0,1,0,0,4,2,0,0,0,0,0,0,0,2,3,3,0,4
"chr01_046505152",2,0,1,2,1,2,1,0,2,2,3,4,2,2,2,4,2,2,1,1,3,1
"chr01_046505272",2,3,4,4,4,4,3,4,4,4,4,4,4,2,4,4,4,4,3,3,4,4
"chr01_046507151",2,3,4,4,4,4,3,4,4,4,4,4,4,2,4,4,4,4,3,3,4,4
"chr01_046890114",2,1,3,2,1,1,0,0,1,2,0,0,0,0,0,1,0,0,0,0,0,0
"chr01_046952789",4,3,0,4,3,4,2,2,2,3,0,1,0,0,2,2,1,1,2,1,1,1
"chr01_046952882",3,4,4,4,4,4,4,4,4,4,4,4,4,4,4,4,4,4,4,4,4,4
"chr01_047185671",4,2,4,2,0,0,0,0,0,1,1,0,1,1,0,1,1,1,0,0,0,0
"chr01_047188043",4,2,4,2,0,0,1,0,0,1,2,0,2,1,0,1,1,1,1,0,0,0
"chr01_047733281",2,4,0,2,4,4,4,4,3,4,3,4,4,4,3,3,3,4,4,4,4,4
"chr01_047974958",4,4,3,4,4,4,4,4,4,4,4,4,4,4,4,4,4,4,4,4,4,4
"chr01_047981156",1,0,0,1,0,0,0,0,0,0,0,0,0,0,0,0,0,0,0,0,0,0
"chr01_048463286",1,1,0,0,0,0,0,0,0,0,0,0,0,0,0,0,0,0,0,0,0,0
"chr01_048995696",4,4,4,4,4,4,4,4,4,4,4,4,4,4,4,4,4,4,3,4,4,4
"chr02_000342231",2,1,2,2,4,4,4,4,3,4,4,4,4,4,4,4,4,4,2,4,4,4
"chr02_000411350",4,2,2,2,0,0,2,0,1,1,0,0,0,0,0,0,0,0,0,0,0,0
"chr02_001457361",2,4,3,2,4,4,3,4,4,4,4,4,4,2,2,4,2,4,2,4,4,2
"chr02_001457415",3,4,3,3,4,4,4,4,4,4,4,4,4,3,3,4,3,4,3,4,4,3
"chr02_002114419",4,3,4,2,4,4,4,4,4,4,4,4,4,4,4,3,4,4,4,4,4,4
"chr02_002124059",4,3,4,2,4,4,4,4,4,4,4,4,4,4,4,3,4,4,4,4,4,4
"chr02_002361795",2,2,3,0,4,4,4,3,4,4,4,2,4,4,1,4,2,4,3,3,3,3
"chr02_002765594",4,3,4,2,4,4,4,4,4,4,4,4,4,4,4,4,4,4,3,4,4,4
"chr02_003090428",4,4,4,4,4,4,4,4,4,4,4,4,4,4,4,4,4,4,3,4,4,4
"chr02_003262682",2,0,3,0,2,4,4,4,4,4,2,4,4,4,4,4,4,2,1,2,4,2
"chr02_003374238",4,3,4,4,4,4,4,4,4,4,4,4,4,4,4,4,4,4,4,4,4,4
"chr02_004938348",4,4,4,4,2,4,2,4,4,2,4,4,3,4,4,4,4,4,4,4,3,3
"chr02_004998040",2,1,0,2,0,0,0,0,0,0,0,0,0,0,0,0,0,0,0,0,0,0
"chr02_005031306",2,0,4,0,4,1,2,0,1,4,0,1,1,1,0,0,1,0,1,2,1,0
"chr02_005078769",4,3,2,2,0,0,0,0,0,0,0,1,0,0,0,0,0,0,0,0,0,0
"chr02_005083121",4,3,2,2,4,4,4,3,3,3,4,3,3,3,0,2,3,3,2,0,2,3
"chr02_005333201",4,3,2,4,4,4,4,4,4,4,4,4,4,4,4,4,4,4,4,4,4,4
"chr02_005799327",4,1,4,2,3,1,1,0,4,4,4,2,4,0,2,2,4,2,2,2,0,4
"chr02_005799465",4,2,4,2,3,1,1,0,1,2,1,1,2,0,2,2,3,2,1,2,0,2
"chr02_005799490",4,4,4,4,4,4,4,3,4,4,4,4,4,4,4,4,4,4,4,4,4,4
"chr02_005955744",2,3,0,4,0,2,1,3,1,0,1,1,1,2,0,1,1,2,1,1,1,3
"chr02_005961316",2,3,4,4,4,4,4,4,4,4,4,4,4,4,3,4,3,3,4,4,4,4
"chr02_006320758",2,3,2,2,4,4,4,4,4,4,4,4,4,3,4,4,4,4,4,4,4,4
"chr02_006322991",2,2,0,0,4,3,3,3,4,4,4,3,3,2,4,2,4,3,4,0,3,4
"chr02_006882335",4,4,4,4,4,4,4,4,4,4,4,4,4,3,3,4,4,4,4,4,4,4
"chr02_007188123",2,1,0,2,0,0,0,0,3,3,0,0,3,1,1,2,0,0,0,0,2,2
"chr02_007636084",2,0,0,0,2,4,2,1,1,3,1,3,4,1,2,1,1,2,3,4,2,1
"chr02_008073933",1,3,4,3,4,4,4,4,4,0,4,4,4,4,4,4,4,4,4,4,4,4
"chr02_008341392",4,4,3,4,0,1,3,4,1,4,4,4,3,4,3,4,4,4,4,4,4,4
"chr02_008410309",0,1,0,2,0,0,0,0,0,0,0,0,0,2,0,0,0,0,0,4,0,0
"chr02_008458332",4,2,0,4,0,0,0,0,0,0,0,0,0,0,0,0,0,0,0,0,0,0
"chr02_008699099",4,3,4,2,1,2,1,1,0,0,0,0,0,4,4,0,1,0,0,0,0,0
"chr02_008778693",4,2,4,4,3,3,4,4,4,4,4,3,4,4,3,4,3,4,4,4,4,4
"chr02_008835784",4,4,4,4,3,2,2,3,4,2,3,2,4,3,3,2,2,2,2,2,3,2
"chr02_008835842",4,4,4,4,3,4,3,4,4,4,4,4,4,4,4,4,4,4,2,4,3,4
"chr02_008855143",3,2,0,2,3,2,4,4,2,3,4,4,4,3,2,4,3,4,4,4,3,4
"chr02_009166445",4,3,4,0,4,4,3,4,4,4,4,4,4,4,4,4,4,4,4,4,4,4
"chr02_009551395",2,3,4,2,4,4,4,4,4,4,4,4,4,4,4,4,4,4,4,4,4,4
"chr02_010178207",4,2,4,4,0,3,0,0,0,0,0,4,0,0,0,0,0,0,0,0,0,2
"chr02_010589428",4,4,3,3,4,4,4,4,4,4,4,4,4,4,4,4,4,4,4,4,4,4
"chr02_010589532",2,2,0,0,4,3,4,3,4,4,4,2,4,2,4,4,4,4,3,2,4,4
"chr02_010927625",4,4,4,4,4,4,4,4,3,4,4,3,4,4,4,3,3,4,4,4,4,4
"chr02_011263944",4,4,2,4,4,4,4,3,4,4,4,3,4,4,4,4,3,4,4,4,4,4
"chr02_011323538",4,2,2,2,4,4,4,4,4,4,4,2,4,4,4,4,3,4,4,4,4,4
"chr02_011409656",4,0,2,2,2,0,0,1,0,1,0,0,0,0,1,1,1,0,0,1,0,1
"chr02_011602187",2,4,0,2,4,4,4,4,4,4,4,4,4,4,4,4,4,4,4,4,4,4
"chr02_011741882",1,0,0,0,1,0,1,0,0,0,0,2,0,0,0,0,0,0,0,0,0,0
"chr02_011750556",2,4,4,4,4,4,4,4,0,4,4,2,2,4,4,4,4,4,4,4,4,4
"chr02_013727826",4,4,4,4,4,4,4,4,4,2,4,4,4,4,2,2,3,4,4,4,4,2
"chr02_013769419",4,2,2,2,0,0,0,0,0,1,0,0,0,0,2,1,1,0,2,0,0,2
"chr02_014716150",4,4,3,4,4,4,4,2,3,4,4,4,4,4,4,4,3,4,3,4,4,4
"chr02_015007978",2,1,0,0,0,0,0,0,0,0,0,0,0,0,0,0,0,0,0,0,0,0
"chr02_015096663",3,4,4,4,4,4,4,4,4,4,4,4,4,4,4,4,4,4,4,4,4,4
"chr02_015414824",1,4,2,4,0,0,0,0,1,0,0,0,0,0,0,1,2,0,2,0,0,0
"chr02_016369950",4,4,4,4,4,4,4,4,4,4,4,1,4,4,4,0,4,4,4,4,4,4
"chr02_016562161",4,4,4,4,4,4,4,4,4,4,4,4,4,4,4,4,4,4,3,4,4,4
"chr02_018887712",4,4,4,4,4,4,4,4,4,4,4,4,4,4,3,4,4,4,4,4,4,4
"chr02_021038289",4,3,4,4,4,4,4,4,4,4,4,4,4,4,4,4,4,4,4,4,4,4
"chr02_021038347",2,2,2,2,0,1,0,0,0,0,0,1,0,0,0,0,0,0,1,0,0,0
"chr02_021167457",2,1,0,0,0,0,0,0,0,0,0,0,0,0,0,0,0,0,0,0,0,0
"chr02_021441855",4,4,4,4,0,2,0,0,0,0,0,1,0,0,0,0,0,0,2,0,0,0
"chr02_022058065",4,1,1,1,0,0,0,0,0,0,0,0,0,0,0,0,0,0,0,0,0,0
"chr02_023441529",4,2,2,4,3,4,4,4,4,4,4,4,4,4,3,4,2,4,4,4,4,4
"chr02_023916119",4,3,4,4,4,4,4,4,4,4,4,2,4,4,4,4,4,4,4,4,4,4
"chr02_024076170",4,1,0,0,0,0,0,0,0,0,0,0,0,0,0,0,0,0,2,0,0,0
"chr02_024425393",4,3,4,4,4,4,4,4,4,4,4,4,4,4,4,4,4,4,4,4,4,4
"chr02_024888319",4,4,3,4,4,4,4,4,4,4,4,4,4,4,4,4,4,4,3,4,4,4
"chr02_025844269",4,1,4,2,4,4,1,2,4,4,1,3,4,2,4,0,3,0,1,4,2,4
"chr02_026202722",2,1,2,0,0,0,0,0,0,0,0,0,0,0,0,0,0,0,0,0,0,0
"chr02_026753556",2,0,4,2,4,4,4,3,4,4,4,4,4,4,4,4,4,4,4,4,3,4
"chr02_027020941",2,3,1,0,4,4,4,4,3,4,4,4,4,4,4,4,4,4,4,4,4,4
"chr02_027382144",1,0,2,1,0,0,0,0,0,0,0,0,0,0,0,0,0,0,0,0,0,0
"chr02_028271554",4,4,4,4,4,4,4,4,4,4,3,4,3,4,4,4,4,4,4,4,4,4
"chr02_029437919",2,3,4,2,4,4,4,3,3,2,3,3,2,3,3,4,2,3,3,3,4,3
"chr02_029693120",4,4,4,4,4,4,4,4,4,4,4,4,4,4,4,4,4,4,4,4,4,2
"chr02_029807791",4,1,4,4,3,4,4,3,4,3,4,3,3,4,3,2,2,4,3,3,4,3
"chr02_029821059",1,0,1,0,0,0,0,0,0,0,0,0,0,0,0,0,0,0,0,0,0,0
"chr02_030832430",2,2,4,2,3,4,4,4,3,4,3,3,4,3,4,4,4,2,4,4,2,4
"chr02_030966117",4,4,4,4,4,4,4,4,4,4,4,4,4,4,4,3,3,4,4,4,4,4
"chr02_031848846",3,2,1,2,2,4,4,4,4,3,1,2,4,3,1,2,0,0,4,3,4,4
"chr02_032251451",2,3,2,2,0,0,0,0,0,0,1,2,2,1,1,0,1,3,0,1,0,0
"chr02_032894268",4,3,1,2,4,4,4,4,4,4,4,4,4,4,4,4,4,4,4,4,4,4
"chr02_032894325",4,4,2,3,2,4,4,4,3,4,3,4,4,4,4,4,4,4,4,4,4,4
"chr02_033791944",4,4,2,4,2,3,2,2,4,4,3,4,2,2,2,0,4,0,3,4,3,4
"chr02_033903550",2,1,2,2,0,0,0,0,0,0,0,0,1,0,0,0,0,0,1,0,1,0
"chr02_033931247",4,2,2,4,1,0,0,0,0,1,1,0,0,2,0,0,0,0,0,2,0,1
"chr02_034048173",4,4,2,4,3,3,4,3,3,4,4,4,4,4,4,4,4,4,4,4,2,3
"chr02_034214976",3,3,3,2,4,2,1,4,1,1,2,1,2,4,4,4,4,3,1,3,2,0
"chr02_034662499",4,2,4,4,3,4,4,4,4,4,3,4,4,4,4,4,4,4,4,4,4,4
"chr02_034961557",2,1,2,4,4,4,4,4,4,4,4,2,3,4,4,3,4,0,4,1,4,2
"chr02_034961740",2,1,2,4,0,4,4,4,3,1,4,3,4,4,4,3,4,2,4,2,4,2
"chr02_035003827",2,3,2,4,4,3,2,3,4,3,4,1,3,3,4,3,4,3,4,3,1,3
"chr02_035003851",2,4,4,4,4,3,4,4,4,4,4,2,4,4,4,4,4,3,4,3,4,4
"chr02_035185310",4,4,3,3,4,4,4,4,4,4,4,4,4,4,4,4,4,4,4,4,4,4
"chr02_035504039",4,4,4,4,4,4,4,4,4,4,4,4,4,4,4,4,4,4,4,3,4,4
"chr02_036143226",4,2,2,4,4,4,4,4,3,3,4,3,4,4,4,4,4,4,4,4,4,4
"chr02_036143301",2,2,2,0,3,3,3,3,4,4,4,4,4,4,4,4,4,3,4,4,4,4
"chr02_036582174",1,0,0,0,0,0,0,0,0,0,0,0,0,0,0,0,0,0,0,1,0,0
"chr02_037729930",4,4,3,4,4,4,4,4,3,3,4,4,4,4,3,4,2,4,4,4,1,4
"chr02_038292141",4,4,2,4,4,4,4,4,4,4,4,4,4,4,4,4,4,4,4,4,4,4
"chr02_039073674",2,1,0,2,0,0,0,0,0,0,0,0,0,0,0,0,0,0,0,0,0,0
"chr03_000059682",4,4,4,4,4,1,1,0,0,1,0,0,0,0,3,1,3,1,1,0,2,1
"chr03_000826444",4,4,3,4,3,4,4,4,4,4,4,4,4,4,4,4,4,3,3,4,4,3
"chr03_001346486",4,1,0,0,3,3,4,4,4,3,4,4,3,4,2,3,4,4,4,4,2,2
"chr03_001528328",2,4,0,2,1,4,0,4,0,1,0,0,2,0,0,1,1,4,0,0,0,2
"chr03_001632089",4,4,4,4,4,4,4,4,3,3,4,4,4,4,4,4,4,4,4,4,4,4
"chr03_001960943",4,4,4,2,4,3,4,3,3,3,4,4,4,4,4,4,3,4,3,4,4,4
"chr03_002448239",2,2,4,4,3,4,4,4,3,3,4,4,3,4,2,4,3,4,4,4,2,3
"chr03_003415470",4,2,0,4,2,4,3,4,4,4,4,3,3,4,3,3,2,3,4,4,4,4
"chr03_003440421",4,4,4,4,2,1,1,0,0,0,1,1,1,2,1,2,2,4,1,4,0,1
"chr03_003444121",2,1,1,2,0,4,4,4,4,4,4,4,2,4,0,4,0,3,4,4,4,4
"chr03_003977446",2,3,1,4,4,4,4,4,4,4,4,4,3,4,2,4,2,4,4,4,4,4
"chr03_004293528",4,4,2,2,1,0,0,2,0,2,0,0,0,0,0,0,0,0,0,0,0,0
"chr03_004751471",2,3,1,4,4,4,4,4,4,4,4,4,4,4,4,4,4,4,4,4,4,4
"chr03_004751524",2,1,3,0,0,0,0,0,0,0,0,0,0,0,0,0,0,0,0,0,0,0
"chr03_004816697",1,0,2,0,0,0,0,0,0,0,0,0,0,0,0,0,0,0,0,0,0,0
"chr03_004818036",4,4,3,0,4,4,4,3,2,2,4,4,4,4,4,4,2,4,4,4,4,4
"chr03_004822657",2,4,4,4,3,4,4,4,4,4,4,3,4,4,4,4,4,4,3,4,4,2
"chr03_005693184",4,2,4,4,4,4,3,3,4,4,3,3,4,4,4,4,4,4,4,4,3,4
"chr03_005693367",4,2,4,4,2,2,3,2,1,3,2,1,1,4,3,0,3,3,2,1,1,3
"chr03_006591500",4,4,4,3,4,4,4,4,4,4,4,4,4,3,4,4,4,4,4,4,4,4
"chr03_007079961",3,4,4,4,4,4,4,4,4,4,4,4,4,4,4,4,4,4,4,4,4,4
"chr03_007690352",4,4,4,4,4,4,4,4,4,2,4,3,3,4,3,4,4,3,3,4,4,4
"chr03_008002459",4,0,4,0,1,2,0,0,0,0,1,1,0,0,2,0,1,1,0,0,0,0
"chr03_008002516",4,4,4,4,4,4,4,4,4,4,4,4,4,2,4,4,4,4,4,4,0,4
"chr03_008805496",1,1,1,0,0,0,0,1,0,0,0,2,3,0,0,0,2,0,2,0,0,2
"chr03_010131436",2,0,2,0,2,4,1,1,3,2,3,4,3,3,2,2,1,3,4,2,3,2
"chr03_010154368",4,0,0,0,0,0,0,0,0,0,0,0,0,0,0,0,0,0,0,0,0,0
"chr03_010614989",1,0,0,0,0,0,0,0,0,0,0,0,0,0,0,0,0,0,0,0,0,0
"chr03_011013029",4,0,0,0,0,1,0,0,0,2,0,0,1,0,0,1,0,0,0,1,0,0
"chr03_011155236",3,3,0,0,0,4,4,4,4,4,0,4,4,1,4,4,4,4,0,4,4,3
"chr03_011612060",2,1,2,2,4,4,4,4,4,4,3,4,4,4,4,4,4,4,4,4,4,4
"chr03_011934996",2,0,0,0,0,0,0,0,0,0,1,0,0,0,0,0,0,0,0,0,0,0
"chr03_013008327",2,0,0,3,2,3,3,4,4,4,4,4,4,4,4,3,4,3,4,4,4,2
"chr03_013511587",2,3,2,2,0,0,1,1,2,3,0,0,0,1,0,1,1,0,1,1,0,0
"chr03_013919007",4,2,4,4,4,4,4,4,4,4,4,4,4,4,4,4,4,4,4,4,4,4
"chr03_014132286",4,2,4,2,4,4,4,3,3,3,4,2,4,4,4,4,4,4,4,4,4,4
"chr03_014302649",2,0,0,2,0,0,0,0,0,0,1,2,0,0,0,1,0,0,1,0,1,0
"chr03_014476759",2,3,0,4,0,0,0,1,1,0,0,0,0,0,1,0,1,0,1,0,0,1
"chr03_015706835",2,3,2,2,1,3,3,1,2,1,3,3,4,2,4,2,4,2,3,2,4,2
"chr03_016612426",4,2,4,2,1,3,3,0,0,2,0,4,4,4,4,2,0,1,4,4,4,1
"chr03_017192073",4,3,2,4,4,4,4,4,4,4,3,4,4,4,4,4,4,4,4,4,4,4
"chr03_017277730",2,0,0,2,0,0,0,0,1,3,0,1,1,1,0,1,0,0,0,1,1,0
"chr03_018227227",4,4,4,4,4,4,4,4,4,4,3,4,4,4,4,4,4,4,4,4,4,4
"chr03_018730739",2,1,2,0,3,2,3,3,2,3,0,3,1,4,4,4,3,1,4,2,0,3
"chr03_018981987",4,4,4,4,4,4,4,4,4,4,3,4,4,4,4,4,4,4,4,4,4,4
"chr03_019062058",4,1,4,2,4,4,4,3,3,3,3,3,3,4,4,4,4,3,4,4,4,4
"chr03_019590642",4,4,4,2,4,4,4,3,4,3,3,4,4,4,4,4,4,3,4,4,4,3
"chr03_020282880",4,4,1,4,4,2,4,4,4,4,2,4,4,4,4,4,4,4,4,4,3,4
"chr03_020339031",4,4,3,2,1,0,2,2,1,2,2,4,3,1,3,4,2,0,4,4,2,2
"chr03_020984675",2,3,3,4,2,1,4,1,4,4,0,2,0,0,4,4,0,2,4,3,4,0
"chr03_021606826",4,3,3,2,4,4,4,3,4,4,4,4,4,4,4,4,4,4,4,4,4,3
"chr03_022098058",4,3,4,4,3,3,3,3,3,4,4,2,3,4,4,4,4,3,3,2,3,3
"chr03_022852144",4,3,3,2,4,3,4,3,3,2,2,4,4,4,4,4,4,4,4,4,4,3
"chr03_023432708",4,4,0,0,3,4,3,4,3,2,2,3,4,3,4,4,4,2,4,3,2,3
"chr03_023451655",2,2,1,4,0,0,0,0,0,1,1,4,1,1,1,1,2,0,0,1,0,2
"chr03_024235625",2,3,2,2,4,3,3,2,3,4,3,3,2,4,4,4,4,3,3,2,4,3
"chr03_024235760",2,3,1,2,4,4,4,4,4,4,4,4,4,4,4,4,4,4,4,4,4,4
"chr03_024235832",2,3,1,2,4,3,3,2,3,4,3,2,2,4,4,4,4,3,3,2,4,3
"chr03_024310225",1,2,0,0,0,0,1,0,0,0,0,0,1,0,1,0,3,1,0,0,0,1
"chr03_024644041",4,2,4,2,0,1,1,0,1,0,1,0,4,1,2,0,2,1,0,0,0,1
"chr03_025302434",1,1,0,0,0,0,0,0,0,0,0,0,0,0,0,0,0,0,0,0,0,0
"chr03_025592266",4,2,4,4,2,0,2,2,1,3,0,1,0,0,2,4,0,3,4,1,1,1
"chr03_026322717",2,2,0,4,2,4,4,2,4,4,4,2,4,4,3,4,2,3,3,2,3,3
"chr03_026500531",1,1,0,0,0,0,0,0,0,0,0,0,0,0,0,0,0,0,0,0,0,0
"chr03_026852215",1,1,4,1,0,1,1,1,2,2,0,1,2,1,0,1,0,1,1,1,2,1
"chr03_026866013",1,1,0,0,0,0,0,1,0,0,0,0,0,0,1,0,0,0,0,1,0,0
"chr03_027132796",4,2,4,2,4,1,4,4,3,0,2,4,4,4,4,2,0,0,4,0,0,4
"chr03_027449581",4,4,4,4,4,4,4,4,4,4,4,4,3,4,4,4,4,4,4,4,4,4
"chr03_027542326",2,2,0,0,4,2,2,3,4,2,3,2,4,2,1,4,2,1,4,2,4,4
"chr03_028181180",2,0,0,4,4,4,4,2,4,2,4,0,4,4,3,4,2,2,4,2,4,4
"chr03_028294150",2,0,4,4,2,2,2,2,2,1,2,2,1,1,2,3,2,3,2,0,3,3
"chr03_029096387",4,2,4,4,4,4,4,4,4,4,4,4,4,4,4,4,4,4,4,4,4,4
"chr03_029096424",3,3,4,4,4,4,4,4,4,4,4,4,4,4,4,4,4,4,4,4,4,4
"chr03_029096518",2,3,4,4,4,4,4,4,4,4,4,4,4,4,4,4,4,4,4,4,4,4
"chr03_029282349",4,4,4,4,4,4,4,3,4,3,4,4,4,3,4,3,4,4,4,2,4,4
"chr03_029384806",2,1,3,0,0,0,0,0,0,0,2,2,2,2,0,0,0,0,0,0,0,4
"chr03_029581066",0,0,0,1,0,0,0,0,0,0,1,0,0,0,0,0,0,0,0,0,0,0
"chr03_029640731",4,4,4,4,4,4,4,4,4,4,4,4,3,4,4,4,4,4,4,3,4,4
"chr03_030502290",4,4,0,4,0,1,0,0,2,3,0,2,2,2,2,1,1,2,2,1,0,1
"chr03_031096283",4,4,4,1,4,0,0,1,0,0,4,4,0,0,2,1,0,0,0,0,4,4
"chr03_031426486",4,4,4,4,4,4,4,4,4,4,4,3,3,4,4,4,4,4,4,4,4,4
"chr03_031426633",4,4,4,4,4,4,4,4,3,4,4,4,4,4,4,4,4,4,4,4,4,4
"chr03_031887928",4,4,0,4,4,4,4,4,4,4,4,4,4,4,4,4,4,4,4,3,4,4
"chr03_031887982",4,4,0,4,2,0,1,0,3,4,1,4,2,0,2,2,3,2,1,2,2,0
"chr03_031888055",4,4,0,4,3,0,2,0,4,4,3,4,2,0,3,3,3,3,3,3,3,1
"chr03_032155334",4,4,4,4,4,4,4,4,4,4,4,4,4,3,4,4,4,4,4,4,4,4
"chr03_032155434",4,4,4,4,4,0,2,1,1,1,3,3,1,4,2,1,2,1,2,1,4,3
"chr03_032161138",4,4,4,4,2,0,2,4,0,0,4,4,1,0,2,0,2,4,1,2,0,4
"chr03_032346429",2,4,4,3,4,4,4,4,4,4,3,3,4,4,3,4,4,2,4,4,4,3
"chr03_032703445",4,4,4,4,2,2,4,3,4,4,2,3,4,4,3,4,3,4,4,4,4,4
"chr03_032935526",4,4,4,4,0,1,1,1,1,1,1,0,1,1,1,0,0,3,1,0,0,1
"chr03_033702179",2,0,0,0,1,2,4,0,0,0,0,4,4,0,0,2,0,0,4,4,4,4
"chr03_033827450",3,4,3,4,4,4,4,3,4,4,3,4,4,4,4,4,4,4,4,4,4,0
"chr03_033827495",0,1,0,4,4,4,4,4,4,4,4,4,4,4,4,4,4,4,4,4,4,4
"chr03_034448315",4,4,4,4,1,1,1,0,2,3,3,0,3,2,1,1,2,4,3,0,2,3
"chr03_035013866",2,4,2,4,4,2,4,2,2,3,3,2,1,4,3,3,3,3,3,2,2,3
"chr03_035108771",4,2,2,0,0,0,0,0,1,1,1,0,0,1,0,1,0,3,0,1,1,1
"chr03_035523338",4,4,4,2,2,0,3,0,2,1,1,2,0,0,0,0,0,0,1,0,0,0
"chr03_035906951",4,4,3,4,4,4,3,4,4,4,3,3,4,4,3,3,3,4,3,4,4,4
"chr03_035909856",2,2,2,2,1,0,1,0,0,1,0,0,0,0,1,0,0,1,0,0,1,3
"chr03_036236252",4,4,4,4,4,4,3,4,4,4,4,4,4,4,4,4,4,4,4,4,4,4
"chr03_036618909",4,4,4,2,3,4,3,3,4,3,3,4,2,4,4,4,4,4,4,3,4,4
"chr04_000422237",3,2,4,4,3,4,4,4,3,4,4,4,4,4,4,4,4,4,0,4,3,4
"chr04_000629659",2,3,4,2,4,4,4,4,4,4,4,4,4,4,4,4,4,4,4,4,4,2
"chr04_000976297",4,3,1,2,1,1,0,0,0,0,1,1,0,0,0,1,0,0,0,0,1,2
"chr04_001956986",4,4,2,4,4,4,4,4,4,4,4,4,4,4,4,4,4,4,4,4,4,4
"chr04_001957006",4,3,4,2,3,4,4,3,4,4,3,3,4,4,4,4,4,4,4,3,4,2
"chr04_002345551",4,4,4,4,4,4,4,4,4,3,4,4,4,4,4,4,4,4,4,4,4,4
"chr04_002345618",2,1,1,4,0,1,0,0,0,1,2,2,1,0,1,1,1,0,4,0,2,2
"chr04_002471441",4,3,3,4,4,4,4,4,4,4,4,3,4,4,3,4,3,4,3,4,4,3
"chr04_002576971",4,4,3,4,2,0,1,0,1,2,0,1,0,1,1,2,2,0,3,0,3,2
"chr04_002592919",4,4,2,4,4,4,4,4,4,4,4,4,4,4,4,4,4,4,4,4,4,4
"chr04_003075775",2,4,4,2,0,1,4,1,1,1,4,3,1,3,0,2,0,1,1,3,4,4
"chr04_003133075",4,4,4,4,4,4,4,4,4,4,4,4,4,4,3,4,4,4,4,4,4,4
"chr04_003408393",2,1,4,2,3,1,3,4,4,1,1,1,0,1,4,1,4,1,3,0,4,2
"chr04_003408577",2,1,4,2,1,1,1,1,0,0,1,1,0,0,1,0,1,0,2,0,2,2
"chr04_003588119",2,1,4,2,4,1,4,4,4,4,4,4,4,2,4,0,4,4,4,4,3,3
"chr04_003653089",4,4,4,4,1,2,1,1,3,1,2,1,0,1,0,1,0,0,2,0,2,1
"chr04_003682800",4,4,0,4,0,2,0,0,2,0,2,0,2,2,0,1,0,0,0,0,2,0
"chr04_003683243",2,3,0,2,3,4,3,3,3,3,3,3,4,4,4,4,4,4,3,4,3,3
"chr04_003833820",4,3,4,4,4,4,4,4,4,4,4,4,4,4,4,4,4,4,4,4,4,4
"chr04_003934053",4,4,4,4,3,3,4,4,4,4,3,4,4,4,4,4,4,3,4,4,4,4
"chr04_004233955",4,3,0,2,0,0,0,0,0,0,0,0,0,0,0,0,0,0,0,0,1,0
"chr04_004238292",4,4,0,2,4,4,4,4,4,4,4,4,4,4,4,4,4,4,4,4,4,4
"chr04_005480937",4,4,4,4,4,4,4,4,4,4,4,3,4,4,4,4,4,4,4,4,4,4
"chr04_005482022",3,1,4,4,4,4,4,4,4,4,4,4,4,4,4,4,4,4,4,4,4,4
"chr04_005528839",2,4,3,4,4,4,4,4,4,4,4,4,4,4,4,4,4,4,4,4,4,4
"chr04_006515091",1,2,0,0,0,0,0,0,0,0,0,0,0,0,0,0,0,0,0,0,0,0
"chr04_006557529",1,2,0,0,1,0,2,0,0,1,0,0,0,1,0,0,0,0,1,4,1,0
"chr04_006678351",4,3,4,4,4,2,4,4,4,3,4,2,4,2,4,4,4,4,4,4,4,4
"chr04_006700385",2,4,3,4,4,4,3,4,4,4,4,4,3,4,2,2,3,4,4,4,4,4
"chr04_006719136",2,4,1,0,0,2,1,2,1,1,4,0,4,3,4,2,4,1,4,0,4,0
"chr04_006748165",2,1,0,0,0,0,0,0,0,1,0,0,0,1,1,0,0,0,1,2,1,0
"chr04_006748357",2,1,0,0,4,2,0,1,0,1,1,3,2,2,2,1,1,1,2,2,2,2
"chr04_007550755",4,4,2,2,0,2,1,2,3,3,1,2,2,2,2,3,3,1,2,1,1,2
"chr04_007550836",4,4,2,2,1,2,4,4,4,4,4,3,4,3,3,4,4,2,4,1,3,3
"chr04_008048981",4,4,1,4,2,3,2,4,4,3,4,3,3,4,3,4,3,4,4,4,4,3
"chr04_008367846",4,4,4,4,4,2,4,4,4,4,3,2,2,1,4,4,4,3,2,4,3,4
"chr04_008472669",2,4,4,2,4,1,2,2,2,1,2,2,0,1,4,3,4,2,1,0,2,3
"chr04_008592094",4,4,4,4,4,4,2,4,4,4,3,4,4,4,4,4,4,4,4,4,4,4
"chr04_008894914",4,4,4,4,2,1,4,3,4,4,3,4,1,3,0,4,1,2,2,4,3,4
"chr04_008894970",4,4,4,4,4,4,3,3,0,2,4,3,4,4,4,4,4,3,4,4,4,3
"chr04_008895117",4,4,4,4,1,1,2,2,0,0,1,0,0,1,0,0,3,1,0,1,2,0
"chr04_009366306",4,3,4,4,1,2,1,1,1,0,1,1,1,2,2,2,3,1,0,2,1,1
"chr04_009584740",1,4,0,1,1,0,0,0,0,0,2,0,0,0,0,1,0,0,0,1,2,1
"chr04_009760802",2,3,3,2,3,4,4,4,4,3,3,4,4,4,4,3,4,4,4,3,3,4
"chr04_010262869",1,0,0,0,0,0,0,0,0,0,0,0,0,0,0,0,0,0,0,0,0,0
"chr04_010267155",4,3,4,2,4,1,1,2,4,4,4,4,2,4,1,1,3,1,0,2,3,3
"chr04_011129236",4,2,4,4,4,4,4,4,4,4,4,4,4,4,4,4,4,4,4,4,4,4
"chr04_012140979",4,4,3,2,4,3,4,4,3,4,4,4,4,4,3,4,3,4,3,4,4,3
"chr04_012566505",2,0,4,2,2,0,1,0,2,0,1,2,1,0,0,2,2,0,0,1,1,2
"chr04_012633210",2,4,1,2,4,4,4,4,4,4,4,4,4,4,4,4,3,4,4,4,4,3
"chr04_013350018",4,0,0,0,0,0,0,0,1,0,0,0,0,0,0,0,0,0,0,0,0,0
"chr04_013350194",4,3,4,2,4,4,4,4,4,4,4,4,3,4,4,4,4,4,4,2,4,3
"chr04_013382966",4,4,4,4,4,4,4,4,4,4,4,4,4,4,4,4,3,4,4,3,4,3
"chr04_013456446",4,4,0,2,2,4,4,4,3,3,2,4,4,3,4,4,4,4,4,3,4,4
"chr04_015584655",2,1,0,0,0,0,0,0,1,1,0,1,0,0,0,0,0,0,0,0,0,0
"chr04_016990270",2,3,4,4,4,4,4,4,2,2,4,1,4,4,4,4,4,4,4,4,4,4
"chr04_017098678",2,1,0,0,4,4,3,4,4,4,4,4,3,4,4,4,4,2,4,2,4,3
"chr04_018660390",1,0,0,1,0,0,0,0,0,0,0,0,0,0,0,0,0,0,0,0,0,0
"chr04_018665615",0,0,0,1,0,0,0,1,0,0,0,0,0,0,0,0,0,0,0,0,0,0
"chr04_019397441",4,4,4,2,4,4,4,4,4,4,4,4,4,4,4,4,4,4,4,4,4,4
"chr04_019914195",1,0,0,0,4,0,0,0,1,2,0,1,1,1,0,0,0,0,0,2,0,1
"chr04_020916095",2,4,4,2,4,4,4,4,4,4,4,4,4,4,3,4,3,4,4,4,4,4
"chr04_022358348",4,4,4,3,4,4,3,4,4,4,4,4,4,4,4,4,4,4,4,4,4,4
"chr04_022505399",1,0,0,0,0,0,0,0,0,0,0,0,0,0,0,0,0,0,0,0,0,0
"chr04_023024557",2,4,1,2,4,4,4,3,3,3,4,4,4,3,4,4,4,4,3,3,4,3
"chr04_024191050",1,0,0,0,0,0,0,0,0,0,1,0,0,0,0,0,0,0,0,0,0,1
"chr04_024252554",4,4,3,4,4,4,4,4,4,4,4,2,4,4,4,4,4,4,4,4,4,4
"chr04_024611083",4,4,4,4,4,4,4,4,4,4,3,4,4,4,4,4,4,4,4,4,4,4
"chr04_024996093",4,3,4,4,4,4,4,4,4,4,4,4,4,4,4,4,4,4,4,4,4,4
"chr04_025112157",4,3,3,2,4,2,2,3,4,4,2,4,4,3,3,4,4,4,4,3,4,4
"chr04_025112181",2,2,0,0,4,4,4,4,4,4,4,4,4,4,4,4,4,4,4,4,4,4
"chr04_025274056",2,1,3,2,4,3,2,3,3,3,3,4,3,4,3,3,4,4,4,4,4,3
"chr04_025376659",2,0,0,0,4,0,0,0,0,0,0,0,0,0,0,0,0,0,0,0,0,0
"chr04_025379138",4,4,1,4,4,3,2,4,2,3,2,4,2,4,4,2,4,4,4,4,4,0
"chr04_025821586",4,1,3,2,4,3,2,1,3,3,3,4,4,2,0,3,4,4,4,4,3,4
"chr04_025821709",4,2,4,4,4,4,4,3,3,2,4,4,4,3,0,4,4,4,4,4,4,4
"chr04_025862464",2,2,4,4,4,4,4,2,0,0,4,4,4,2,0,4,4,4,4,4,4,4
"chr04_026375013",2,3,4,2,4,4,4,4,4,4,4,4,4,4,4,4,4,4,4,4,4,4
"chr04_026748307",4,4,4,4,4,4,4,3,3,4,4,4,3,4,4,4,4,4,4,4,4,4
"chr04_026748347",4,4,4,4,4,4,4,3,4,4,4,4,4,4,4,4,4,4,4,4,4,4
"chr04_026902977",4,0,2,4,0,0,0,0,2,2,4,0,0,0,0,0,1,0,0,0,0,0
"chr04_027470101",4,4,0,4,4,4,4,4,1,1,4,4,4,3,4,4,2,4,4,4,4,4
"chr04_027534397",2,1,0,0,0,0,0,0,0,0,0,0,0,0,0,0,0,0,0,0,0,0
"chr04_027755679",4,4,4,2,0,4,3,2,4,3,4,2,4,2,4,3,4,4,2,3,3,2
"chr04_028334542",2,4,4,2,0,1,0,1,0,0,0,0,0,0,0,2,0,0,0,0,0,0
"chr04_028381405",2,1,0,0,0,0,0,0,0,0,0,0,0,0,0,0,0,0,0,0,0,0
"chr04_028779073",0,0,0,0,3,0,2,1,1,0,0,2,0,0,0,1,1,0,2,0,0,0
"chr04_029424843",4,4,4,2,4,4,4,4,4,4,4,3,4,4,4,4,4,4,4,4,4,4
"chr04_029424994",4,3,0,4,3,2,3,2,2,3,0,2,1,2,3,1,4,0,1,1,3,1
"chr04_029611178",4,4,0,2,0,0,0,4,0,0,1,0,0,0,1,2,2,2,0,0,1,0
"chr04_029943956",4,3,3,4,0,0,0,2,4,4,3,2,4,1,1,0,2,4,4,1,4,4
"chr04_030073526",2,2,4,4,3,4,4,0,4,4,2,2,2,4,4,4,3,4,3,4,3,4
"chr04_030541160",1,0,0,1,0,0,0,0,0,0,0,0,0,0,0,0,0,0,0,0,0,0
"chr04_030822144",4,4,4,4,4,4,4,4,4,4,4,4,4,4,4,4,3,4,4,4,4,4
"chr04_031346966",4,4,4,4,3,4,3,4,4,4,4,4,4,4,4,4,4,4,4,4,4,3
"chr04_031546210",1,1,0,0,0,0,0,0,0,0,0,0,0,0,0,0,0,0,1,0,0,0
"chr04_031943082",4,4,4,4,4,4,4,4,4,4,3,3,4,3,4,4,4,4,4,3,4,4
"chr04_032250699",2,1,2,0,0,0,1,1,2,2,0,2,1,1,1,1,1,0,0,0,2,2
"chr04_032250770",2,1,2,0,0,0,1,1,2,2,0,2,1,1,1,1,1,0,0,0,2,2
"chr04_032465807",1,3,3,0,4,3,4,4,4,4,3,3,4,4,3,2,4,3,3,4,4,4
"chr04_032466998",2,4,4,0,4,3,4,4,4,4,3,3,4,4,3,2,4,3,3,4,4,4
"chr04_033320705",2,2,0,0,0,1,0,1,0,0,0,0,2,4,4,2,3,1,1,0,0,1
"chr04_033354334",4,2,4,0,4,4,2,4,3,2,4,4,4,4,4,4,4,3,3,4,4,2
"chr04_033543459",4,4,4,4,4,4,4,4,4,4,3,4,4,4,4,4,4,4,4,4,4,4
"chr04_034392819",1,2,0,0,4,4,4,3,4,4,3,2,4,4,2,4,2,2,3,4,4,2
"chr04_035499346",4,1,2,2,0,0,0,0,0,0,0,0,0,0,0,0,0,0,0,0,0,0
"chr04_035944546",2,1,2,0,1,3,1,2,1,0,0,0,2,1,0,3,0,0,0,3,0,1
"chr04_036321735",2,0,2,2,0,0,0,0,0,1,0,0,0,0,0,0,0,0,1,0,0,0
"chr04_036734071",2,2,0,2,3,4,2,2,3,3,3,3,4,4,0,4,2,3,4,2,3,2
"chr05_000142049",4,4,1,4,4,3,4,4,4,4,4,4,4,4,4,4,4,4,2,4,4,4
"chr05_000142187",4,4,2,4,4,4,4,4,4,4,4,4,4,4,4,4,4,4,3,4,4,4
"chr05_000375385",4,4,1,4,3,2,3,3,3,4,4,4,2,3,3,4,3,4,3,4,3,4
"chr05_000932858",4,3,4,2,4,3,2,4,4,3,4,4,4,4,4,2,3,3,3,4,4,4
"chr05_000932945",4,3,4,2,4,3,1,4,4,3,4,4,4,4,4,0,3,2,3,4,4,4
"chr05_001422004",4,4,3,2,2,3,1,4,2,1,0,0,0,2,3,2,4,0,1,0,0,3
"chr05_001422111",4,4,3,2,1,2,1,3,2,1,0,0,0,1,2,1,3,0,1,0,0,3
"chr05_001424374",4,4,3,2,4,4,4,4,4,4,4,3,4,4,3,4,4,4,2,4,4,4
"chr05_001625255",4,4,3,4,0,1,2,2,1,1,0,0,0,0,3,1,2,0,2,0,0,2
"chr05_002164301",4,3,0,3,4,2,2,3,2,2,4,3,4,3,4,2,3,3,4,4,4,4
"chr05_002164321",2,2,0,4,0,0,0,0,0,0,0,0,0,0,0,0,0,0,0,0,0,0
"chr05_002694477",4,3,0,4,3,3,4,3,4,3,4,4,3,4,3,4,3,2,1,3,4,4
"chr05_002694553",4,3,0,4,4,3,4,3,4,3,4,4,4,4,3,4,3,4,1,3,4,4
"chr05_002699189",4,4,4,4,4,3,4,4,4,4,4,4,4,4,4,4,4,4,4,4,4,4
"chr05_002860471",4,2,4,2,1,0,1,0,0,0,0,1,1,1,0,0,0,0,1,0,2,0
"chr05_003200172",1,0,1,2,2,2,0,0,0,0,1,0,0,0,0,3,0,0,0,0,0,2
"chr05_003311254",2,3,4,4,4,4,4,4,4,4,4,4,4,4,4,4,4,4,4,4,4,4
"chr05_003334150",4,4,1,4,4,4,4,4,4,4,4,4,4,4,4,4,4,4,4,4,4,4
"chr05_003620367",4,4,4,4,2,0,0,2,4,4,1,4,0,4,0,4,0,0,2,0,0,4
"chr05_003704038",2,1,1,0,4,4,3,2,3,3,3,4,4,1,4,3,4,4,4,4,3,4
"chr05_005362947",4,3,1,2,0,0,0,0,0,1,0,0,0,2,0,0,0,0,2,0,0,0
"chr05_005404797",4,4,1,4,4,4,4,4,4,4,4,4,4,4,4,4,4,4,4,4,4,4
"chr05_005404827",4,3,0,0,4,4,2,0,0,0,0,2,0,1,2,0,2,4,2,4,2,0
"chr05_006598078",2,1,4,4,0,0,1,1,2,1,1,1,0,1,2,2,0,1,1,1,1,3
"chr05_006598158",2,3,0,0,4,4,2,2,0,1,4,2,4,2,0,1,4,1,4,2,0,2
"chr05_006612936",2,4,4,4,0,0,1,1,2,1,0,1,0,1,2,2,0,1,0,1,1,3
"chr05_006613086",4,4,4,4,3,4,4,4,4,4,1,4,4,4,4,4,4,4,4,4,4,4
"chr05_006840110",4,4,4,2,4,4,4,4,4,4,4,4,3,4,3,4,3,4,0,4,3,4
"chr05_007195929",4,4,4,4,2,0,1,0,1,1,2,3,0,2,0,0,1,1,0,0,0,4
"chr05_007564099",4,4,4,4,0,0,0,0,0,0,0,0,0,0,0,0,0,0,0,1,0,4
"chr05_007564251",4,4,4,4,0,0,0,0,0,0,0,0,0,0,0,0,0,0,0,2,0,4
"chr05_008723187",4,4,4,4,1,2,0,2,2,1,2,2,4,2,1,1,0,2,3,1,2,4
"chr05_008723360",4,4,4,4,1,0,0,2,0,0,0,2,3,0,1,1,0,2,1,1,1,2
"chr05_008723385",4,4,4,4,4,3,4,4,4,4,4,4,4,4,4,4,4,4,4,4,4,4
"chr05_009403316",2,1,0,0,0,0,0,0,0,0,0,0,0,0,0,0,0,0,0,0,0,0
"chr05_009794297",2,0,0,2,2,1,4,3,2,1,4,4,4,3,3,2,4,3,3,3,3,4
"chr05_009794400",4,4,4,3,4,4,1,3,2,3,1,1,2,4,3,4,2,3,3,1,2,3
"chr05_009794428",4,3,4,4,3,2,4,3,2,3,4,4,4,4,4,4,4,3,2,0,4,4
"chr05_009816026",4,4,4,0,4,4,4,4,4,4,4,4,4,4,4,4,4,4,4,4,4,4
"chr05_010024641",4,2,4,2,3,0,0,1,1,1,1,2,0,0,3,2,1,1,1,1,1,3
"chr05_010024682",4,4,1,0,4,4,4,4,4,4,4,4,4,4,4,4,4,4,4,4,4,4
"chr05_010947758",4,3,4,4,4,4,4,4,3,3,3,4,2,1,4,2,3,4,2,4,3,4
"chr05_011027457",2,3,4,4,4,4,4,4,4,4,4,4,4,4,4,4,4,4,4,4,4,4
"chr05_011759994",2,2,0,0,1,0,0,0,0,0,0,0,0,0,0,2,0,0,0,0,0,0
"chr05_012182477",2,0,0,0,1,0,3,2,3,3,0,2,1,1,3,3,4,1,2,1,1,3
"chr05_012706974",4,4,4,3,3,3,3,3,3,4,3,3,3,3,4,4,4,2,4,2,3,3
"chr05_012707007",4,4,4,4,3,3,2,1,0,1,2,4,0,0,1,0,1,0,1,0,2,1
"chr05_014456106",1,0,0,0,0,0,0,0,0,0,0,0,0,0,0,0,0,0,0,0,0,0
"chr05_015381202",4,3,0,0,1,0,1,0,1,1,0,0,0,0,0,0,0,1,0,1,0,1
"chr05_017066492",4,1,0,1,1,0,1,0,1,1,0,0,0,0,0,0,0,1,0,4,0,1
"chr05_017092581",2,2,4,2,3,4,4,4,4,4,4,4,4,2,4,4,4,4,4,4,4,4
"chr05_019320437",4,4,1,2,3,4,4,3,4,4,4,4,4,4,3,3,3,4,4,4,4,4
"chr05_020012129",4,4,4,2,3,4,4,4,4,4,4,4,4,4,4,4,4,4,4,4,4,4
"chr05_021466997",4,3,4,3,4,4,4,4,4,4,4,4,4,4,4,4,4,4,4,4,4,4
"chr05_021649494",2,0,1,0,1,0,0,1,0,0,1,2,0,0,0,0,0,0,0,1,3,1
"chr05_021649641",2,4,3,4,2,4,4,2,4,4,2,2,4,4,4,4,4,4,4,3,0,2
"chr05_022614172",4,3,4,2,4,3,4,1,1,3,3,4,4,4,4,4,3,3,4,4,4,3
"chr05_022990985",3,3,4,3,4,4,4,4,4,4,4,3,4,4,4,4,4,4,4,3,4,4
"chr05_023753596",4,3,4,4,4,4,4,4,4,4,4,4,4,4,4,4,4,4,4,4,4,4
"chr05_024093647",4,3,4,2,4,2,2,4,1,1,1,3,1,2,3,2,2,2,3,2,0,2
"chr05_024095355",2,0,0,0,1,0,0,0,0,0,0,0,0,0,0,0,0,0,0,2,0,0
"chr05_024152160",4,4,4,2,1,0,0,0,0,1,1,0,1,0,0,1,0,1,0,0,2,0
"chr05_024154343",4,4,4,4,4,4,4,3,4,4,4,3,4,4,3,2,2,4,4,2,4,4
"chr05_024746401",4,0,0,0,0,0,0,0,0,0,1,1,0,0,0,2,0,0,0,0,0,0
"chr05_024776288",4,2,4,4,4,4,4,4,4,4,4,4,4,4,4,4,4,4,4,4,4,4
"chr05_024776317",4,4,2,4,4,4,4,4,4,4,4,4,4,4,4,4,4,4,3,4,4,4
"chr05_024790533",4,4,4,4,3,2,1,2,3,4,2,4,3,3,3,4,4,3,3,2,3,4
"chr05_025502129",4,4,4,4,4,3,4,4,4,4,4,3,4,4,4,4,4,4,4,4,4,4
"chr05_026015688",4,4,1,4,4,4,4,4,4,4,4,4,4,4,4,4,4,4,4,4,4,4
"chr05_026052101",2,3,4,4,4,4,4,4,4,4,4,3,4,4,4,4,4,4,4,4,4,4
"chr05_026052220",4,4,1,4,2,4,2,4,4,3,4,3,2,3,4,3,4,4,4,4,4,3
"chr05_026052303",4,4,1,4,2,4,2,4,4,3,4,3,1,3,4,3,4,4,4,4,4,3
"chr05_026126432",2,0,4,4,4,4,4,4,4,4,4,1,4,4,2,4,2,0,4,4,0,3
"chr05_026571850",4,3,1,2,4,4,4,4,4,4,4,4,4,4,4,4,4,4,4,4,4,4
"chr05_026586947",4,3,1,2,4,4,4,4,0,2,4,4,4,4,4,4,4,4,4,2,4,4
"chr05_027466108",1,1,1,0,2,2,0,3,4,1,0,1,2,1,0,0,0,0,1,3,0,0
"chr05_027473429",4,4,4,4,2,3,4,3,3,4,4,3,4,4,4,4,4,4,4,3,4,4
"chr05_027894180",2,2,0,2,0,2,0,4,0,0,1,1,2,2,1,4,1,2,4,0,0,4
"chr05_028399461",4,4,4,4,4,0,4,4,4,3,1,2,4,4,4,4,4,4,2,4,4,4
"chr05_028807067",1,0,0,1,0,0,0,0,0,0,1,0,0,0,0,0,0,0,0,0,0,0
"chr05_029327001",4,4,0,4,3,4,1,4,3,4,4,4,4,3,4,4,4,2,4,4,3,4
"chr05_029951087",4,0,3,2,1,3,0,0,0,2,0,0,1,1,2,0,2,2,4,1,1,1
"chr05_030200929",2,2,0,2,4,3,0,4,1,3,0,2,4,3,1,2,0,3,2,4,4,2
"chr05_030201038",4,2,4,4,4,4,4,4,3,3,2,4,4,4,4,3,4,3,2,4,4,2
"chr05_030201104",2,0,0,4,0,1,0,0,2,0,0,3,0,1,3,1,4,0,0,0,0,0
"chr05_030205493",4,4,4,4,2,0,4,2,2,4,4,4,4,2,4,2,3,1,3,4,4,4
"chr05_030205620",4,4,4,4,0,2,0,2,2,4,4,2,4,0,4,3,3,1,2,2,2,2
"chr05_030351362",1,1,0,4,0,0,0,4,4,1,0,0,4,0,0,1,0,1,0,1,0,0
"chr05_030351513",4,2,0,4,4,0,4,4,4,2,2,4,4,4,4,2,3,2,0,4,4,2
"chr05_030496551",1,1,2,1,1,0,4,0,0,0,2,1,0,0,2,1,2,0,1,0,0,4
"chr05_030496574",4,4,4,4,0,0,4,0,0,0,4,0,0,0,0,4,1,0,2,0,0,0
"chr05_030496749",1,0,0,2,0,0,0,0,0,0,1,0,0,0,0,0,0,0,1,0,0,0
"chr05_030879566",0,0,0,0,0,2,1,0,0,1,1,1,0,1,0,2,0,0,0,0,0,0
"chr05_030905635",4,2,3,2,3,2,4,1,1,2,4,4,2,2,4,4,4,3,2,1,3,2
"chr05_030920699",4,2,3,2,2,4,4,3,3,2,4,4,2,4,4,4,4,3,4,2,3,4
"chr05_030983784",2,4,4,4,3,4,4,4,3,0,4,4,4,4,4,4,4,4,4,4,4,4
"chr05_032131430",4,2,4,2,4,4,4,2,4,4,0,4,4,4,3,2,4,2,3,4,3,4
"chr06_000197825",1,0,2,1,0,0,0,0,0,0,0,0,0,1,0,0,0,0,0,0,0,0
"chr06_000197937",2,4,4,4,2,2,0,0,1,0,2,0,0,1,0,2,0,2,0,0,0,0
"chr06_000261901",1,0,0,1,0,0,0,0,0,0,0,0,0,0,0,0,0,0,0,0,0,0
"chr06_000770717",2,3,4,4,4,4,4,4,4,4,4,4,4,4,4,4,4,4,4,4,4,4
"chr06_000796191",2,4,4,4,4,4,4,4,4,4,4,4,4,4,4,4,4,4,4,4,4,4
"chr06_000926253",4,4,1,4,4,4,4,4,4,4,4,4,4,4,4,4,4,4,4,4,4,4
"chr06_001251920",4,4,4,4,3,4,4,4,4,4,4,4,4,4,4,3,4,3,4,3,4,4
"chr06_001448143",4,4,4,4,0,0,0,0,0,0,0,0,0,0,0,0,0,0,0,0,0,0
"chr06_001448212",2,3,4,2,4,4,4,4,4,4,4,4,4,4,4,4,4,4,4,4,4,4
"chr06_001594538",4,2,3,4,0,1,1,0,1,1,3,2,0,2,0,0,0,0,2,1,1,0
"chr06_002482038",4,4,4,4,1,0,4,2,0,0,1,4,2,2,2,4,4,0,4,2,0,4
"chr06_002886330",2,0,4,0,1,1,1,2,1,1,1,1,1,1,2,1,1,3,2,1,2,1
"chr06_003325915",4,0,4,2,0,1,0,1,0,0,0,0,0,0,0,0,0,0,1,0,0,0
"chr06_003473732",4,3,4,4,4,4,4,4,4,4,4,4,4,4,4,4,4,4,4,4,4,4
"chr06_003614925",4,4,4,4,4,4,4,4,4,4,4,4,4,4,2,4,4,4,4,0,4,0
"chr06_004094679",2,3,2,2,4,3,3,4,4,4,4,4,3,4,3,4,3,3,4,4,4,3
"chr06_004226496",4,3,4,4,1,1,2,2,1,2,1,0,1,2,1,2,1,1,0,0,1,2
"chr06_004356702",4,3,4,4,0,2,0,2,0,0,1,0,3,1,2,1,2,0,2,2,2,1
"chr06_004364177",4,3,4,4,2,4,1,4,4,2,4,4,3,2,4,4,4,2,4,4,4,3
"chr06_004609418",2,1,0,0,0,0,0,0,0,0,0,0,0,0,0,0,0,0,0,0,0,0
"chr06_004720381",4,1,2,2,4,4,3,4,4,4,4,4,4,4,4,4,4,3,4,3,3,2
"chr06_004965663",2,2,3,3,0,0,0,0,0,0,0,0,0,0,0,0,0,0,0,1,1,0
"chr06_006037095",2,3,4,4,4,4,4,4,4,4,4,4,4,4,4,4,4,4,4,4,4,4
"chr06_006181707",2,4,2,2,0,0,0,0,4,0,0,1,3,0,0,0,0,0,0,0,0,2
"chr06_006390622",2,2,0,4,0,0,0,0,1,0,0,0,0,0,0,0,0,0,0,0,0,1
"chr06_006625071",4,4,4,4,4,0,0,2,4,4,0,1,0,0,4,0,4,4,0,4,0,4
"chr06_007430546",4,3,4,4,4,1,2,4,4,4,0,2,0,2,3,2,2,3,0,4,4,0
"chr06_008800070",4,4,0,2,4,4,4,4,4,4,4,4,4,4,4,4,4,4,4,4,4,4
"chr06_008800103",4,2,0,0,0,0,0,0,1,1,1,0,0,0,0,0,0,0,0,1,0,0
"chr06_009780406",4,4,2,2,3,4,4,3,3,4,4,4,4,4,4,4,4,4,4,4,4,4
"chr06_010144506",4,4,4,4,0,1,0,0,0,1,0,0,1,0,1,0,1,1,0,1,0,0
"chr06_010632680",4,3,2,2,1,4,2,0,0,0,0,0,1,0,1,4,3,1,4,2,0,0
"chr06_011048637",4,2,2,2,1,0,0,0,0,0,1,0,0,0,0,0,0,0,0,0,0,0
"chr06_011305979",4,2,4,2,3,3,4,3,4,4,2,4,3,4,4,4,4,2,4,3,4,4
"chr06_011306037",4,2,4,2,3,3,4,3,4,4,3,4,3,4,4,4,4,2,4,3,4,4
"chr06_012510129",2,0,2,2,2,0,0,0,0,0,0,0,0,0,2,2,1,1,0,2,0,1
"chr06_012628617",2,3,4,4,4,4,4,4,4,4,4,4,4,4,4,4,4,4,4,4,4,4
"chr06_012837292",4,3,0,2,0,1,0,1,0,0,0,0,0,0,0,0,2,1,0,0,0,1
"chr06_013934005",4,4,2,4,3,4,4,4,4,4,4,4,2,2,4,4,4,4,4,4,0,4
"chr06_014435074",4,1,4,2,2,0,0,0,0,0,0,0,2,0,0,2,0,0,0,1,0,2
"chr06_015367890",4,3,4,4,4,4,4,4,4,4,4,4,4,4,4,4,4,4,4,4,4,4
"chr06_015976994",4,1,4,4,1,2,2,2,4,4,1,3,2,2,4,3,4,1,4,1,1,0
"chr06_016124158",4,1,4,0,0,1,0,4,2,2,3,0,2,3,4,3,4,4,3,2,4,0
"chr06_016487405",2,4,0,2,4,4,4,4,4,4,4,4,4,4,4,4,4,4,4,4,4,4
"chr06_016952367",4,4,4,4,4,4,3,3,0,0,4,4,4,3,2,4,2,4,4,4,4,4
"chr06_017612111",2,2,0,2,4,1,4,4,4,2,0,4,4,2,3,2,3,3,4,4,1,1
"chr06_018068021",2,1,2,2,1,0,0,1,2,1,0,1,0,0,0,0,0,1,0,1,0,1
"chr06_019152772",4,4,4,2,3,2,4,4,4,4,4,4,3,4,3,3,3,4,4,4,3,2
"chr06_019677446",2,3,4,0,4,4,4,4,4,4,3,4,4,4,4,2,4,4,4,4,4,3
"chr06_020864310",2,2,0,4,4,3,4,4,4,0,4,4,4,4,4,4,4,4,4,4,4,4
"chr06_022324217",0,0,0,0,0,0,0,0,0,0,0,0,0,0,0,0,0,1,0,0,0,0
"chr06_022712475",4,2,4,4,4,4,4,3,4,4,3,4,3,4,4,4,4,4,4,4,4,4
"chr06_023154622",2,3,0,2,0,0,0,0,0,0,1,0,0,0,0,2,0,0,0,0,0,1
"chr06_024490439",2,4,4,4,4,1,2,1,4,4,1,2,1,0,4,4,0,0,0,0,4,4
"chr06_024699373",3,2,4,4,4,4,4,4,4,4,4,4,4,4,4,4,4,4,4,4,4,4
"chr06_025184617",3,4,4,4,4,4,4,4,4,4,4,4,4,4,4,4,4,4,4,4,4,4
"chr06_025571656",4,4,4,2,4,2,4,3,4,4,3,4,4,3,4,4,4,2,4,4,4,4
"chr06_026439248",2,0,1,4,4,2,2,2,4,4,4,4,4,4,1,4,3,4,1,0,4,3
"chr06_026641161",4,3,4,4,4,4,4,4,4,4,4,4,4,4,4,4,4,4,4,4,4,4
"chr06_026746365",4,3,4,2,3,3,1,0,2,0,0,0,4,3,0,2,2,2,2,2,3,2
"chr06_026746431",4,4,4,4,4,4,3,4,4,3,4,4,4,3,4,4,4,3,4,3,4,4
"chr06_027605647",4,4,3,2,4,0,2,4,4,4,4,0,3,4,0,4,4,4,0,4,0,4
"chr06_028048998",2,3,2,4,0,0,1,0,0,0,0,1,1,0,1,2,0,0,0,1,3,1
"chr06_028340948",4,3,4,4,4,4,4,4,4,4,4,4,4,4,4,4,4,4,4,4,4,4
"chr06_029856646",4,4,0,2,4,4,0,4,4,4,4,4,3,3,2,4,4,4,4,1,4,1
"chr06_030365142",4,4,4,4,4,4,4,4,4,4,4,0,4,4,4,4,4,4,4,4,4,4
"chr06_030365248",4,4,4,4,4,4,4,4,4,4,4,1,4,4,4,4,4,4,4,4,4,4
"chr06_031044135",4,3,0,4,4,4,4,4,4,4,4,4,4,4,4,4,4,4,4,4,4,4
"chr06_031704367",3,3,4,4,4,4,4,4,4,4,4,4,4,4,4,4,4,4,4,4,4,4
"chr06_032013974",4,3,4,3,4,4,4,4,4,3,3,4,3,4,4,4,3,3,4,4,3,3
"chr06_032422241",2,4,3,2,0,0,0,0,0,1,0,0,0,0,0,1,0,0,1,0,1,1
"chr06_032430270",3,4,3,3,4,4,4,4,4,4,3,4,4,4,4,4,4,4,4,4,4,4
"chr06_033423108",4,4,4,4,4,4,4,3,4,4,4,4,4,3,3,4,4,4,4,4,4,2
"chr06_033839632",1,0,0,0,0,0,0,0,0,0,0,0,0,0,0,0,0,0,0,0,0,0
"chr06_033839673",4,3,4,4,4,4,4,4,4,4,4,4,4,4,4,4,4,4,3,2,4,4
"chr06_034413312",2,2,0,4,3,4,4,4,4,4,4,4,4,4,4,2,4,4,2,4,4,4
"chr06_034503772",4,2,4,4,4,4,4,4,4,4,4,4,4,4,4,4,4,4,4,4,4,4
"chr06_034606099",4,4,4,2,4,4,4,4,4,3,4,4,4,4,4,2,4,2,2,3,2,4
"chr06_034643731",4,4,4,2,4,4,4,4,4,4,3,4,4,4,4,3,4,2,4,4,2,4
"chr06_034763290",1,1,0,0,0,0,0,0,0,0,0,0,0,0,0,0,0,0,0,0,0,0
"chr06_034766145",4,4,4,4,4,4,4,4,4,4,4,4,3,4,4,4,4,4,4,4,4,4
"chr06_035060429",4,4,4,2,4,4,4,3,4,4,3,4,3,4,4,3,4,2,2,4,2,4
"chr06_035200046",4,3,1,0,2,2,2,2,0,0,0,1,0,4,0,2,4,2,2,4,0,0
"chr06_035518356",4,4,4,4,4,4,4,4,4,4,4,4,4,0,4,4,4,4,1,4,4,4
"chr06_036508915",4,3,4,0,4,4,1,4,2,0,2,4,4,0,2,2,4,3,4,3,0,2
"chr06_036724266",4,4,4,4,4,4,4,4,4,4,4,3,4,4,4,4,4,4,4,4,4,4
"chr06_036779706",4,4,0,0,0,0,0,4,1,2,2,2,0,0,0,4,0,1,0,0,2,4
"chr06_037116119",4,3,1,4,0,1,0,0,0,0,0,0,0,0,0,0,0,3,1,0,1,1
"chr06_037346972",4,4,3,4,4,4,4,4,4,4,4,1,4,2,2,3,0,3,3,2,4,4
"chr06_037347029",4,4,3,4,2,0,0,0,0,0,1,0,0,0,2,1,0,1,0,0,2,0
"chr06_037610244",1,0,0,0,0,0,0,0,0,0,0,0,0,0,0,0,0,0,0,0,0,0
"chr06_037720941",2,4,0,0,0,0,0,0,0,0,0,0,0,0,0,0,0,0,0,0,0,0
"chr06_037870062",4,4,4,0,4,4,4,4,4,4,4,4,4,4,4,4,4,4,4,4,4,4
"chr06_037870083",4,4,3,2,4,4,4,4,4,4,4,4,4,4,4,4,4,4,4,4,4,4
"chr06_037870200",1,2,0,0,0,0,0,0,0,0,0,0,0,0,0,0,0,0,0,0,0,0
"chr06_038027474",4,3,0,4,1,0,1,1,0,0,1,0,1,0,0,2,1,1,0,1,0,1
"chr06_038338641",2,3,4,4,4,4,4,4,3,3,3,3,3,4,3,1,3,3,4,3,4,3
"chr06_039380698",4,4,4,2,1,2,4,2,4,4,1,2,2,0,0,0,0,2,4,2,2,0
"chr06_039543187",4,4,4,4,1,0,4,4,1,2,2,2,3,3,3,3,2,2,2,2,2,2
"chr06_040284475",2,0,1,0,0,0,0,0,0,0,0,0,0,0,0,0,0,0,0,0,0,2
"chr07_000387248",2,4,3,0,0,4,4,4,4,4,4,4,4,4,2,4,2,0,4,4,4,1
"chr07_000730085",4,4,4,4,0,2,0,4,3,0,0,4,0,0,4,0,3,1,0,2,2,2
"chr07_000800794",3,4,4,4,1,4,4,0,2,1,1,2,0,4,4,4,4,2,1,1,0,4
"chr07_000982994",4,4,4,0,4,4,4,4,4,4,4,4,4,4,4,4,4,4,4,4,4,4
"chr07_001366516",2,0,1,0,0,1,1,0,1,2,1,0,1,0,0,1,0,0,0,0,1,0
"chr07_001366597",4,1,4,4,4,3,2,4,2,4,2,3,4,4,0,2,0,0,0,4,4,1
"chr07_001413687",4,4,4,2,4,4,4,4,4,3,4,3,3,4,4,3,4,4,4,3,3,4
"chr07_001466226",4,1,4,2,2,2,3,4,3,3,4,3,3,4,3,4,4,4,4,3,3,3
"chr07_001562431",4,1,4,4,4,3,3,4,4,4,4,4,2,4,4,4,4,4,4,4,4,4
"chr07_001733994",4,0,0,0,0,4,2,0,2,1,0,4,4,0,0,0,0,0,0,0,0,0
"chr07_002306855",2,1,0,0,0,0,0,0,0,0,0,0,0,0,0,0,0,0,0,0,0,0
"chr07_002436899",4,4,1,2,0,0,0,0,0,1,1,1,0,0,0,0,0,0,0,0,0,0
"chr07_002440250",4,4,1,2,0,0,0,0,0,4,2,2,0,0,0,0,0,0,0,0,0,0
"chr07_002467080",2,0,1,0,0,0,1,0,1,1,0,2,0,0,0,0,0,0,1,0,0,1
"chr07_002476957",2,4,3,2,0,0,0,0,1,0,1,0,0,0,0,1,0,0,0,0,0,0
"chr07_002897486",2,1,3,4,0,0,0,0,2,0,1,1,0,0,4,1,4,4,0,3,1,2
"chr07_002897512",4,4,4,4,4,4,4,4,4,3,4,4,4,4,4,4,4,4,4,4,4,4
"chr07_002897585",2,1,3,4,0,0,0,0,1,0,1,1,0,0,4,1,4,4,0,2,1,1
"chr07_002897639",2,1,3,4,0,0,0,0,1,0,1,1,0,0,4,1,4,4,0,3,1,2
"chr07_003169496",4,4,4,0,4,4,4,0,4,4,4,4,4,4,4,4,4,4,4,4,4,4
"chr07_003169613",4,1,4,0,0,1,1,0,1,2,1,2,2,0,2,0,2,2,1,1,3,1
"chr07_003200721",4,1,1,4,0,0,0,0,0,0,0,2,1,2,2,1,1,0,1,2,0,2
"chr07_003241755",1,0,2,2,1,2,0,0,0,0,0,2,1,4,0,4,0,1,4,1,0,2
"chr07_004249521",4,1,4,0,2,1,2,3,0,2,0,3,1,2,2,1,2,1,1,2,2,0
"chr07_004374004",1,1,0,0,0,0,0,0,0,0,2,1,0,0,0,0,0,0,0,0,0,0
"chr07_004374035",2,1,0,0,0,0,0,0,0,0,2,4,0,0,0,0,0,0,0,0,0,0
"chr07_004597753",2,3,4,2,1,3,2,1,0,1,1,1,2,1,1,1,0,2,0,1,3,1
"chr07_004607244",2,1,0,2,3,1,3,3,4,3,3,4,3,4,3,3,4,2,4,3,2,1
"chr07_004686735",2,1,0,0,0,4,0,4,4,3,0,2,4,2,2,2,4,2,4,2,3,2
"chr07_005218969",4,3,4,2,4,4,4,4,4,4,4,0,4,0,4,4,4,4,4,4,4,4
"chr07_005445330",2,4,2,0,4,4,3,4,4,2,4,3,4,2,2,4,2,4,4,4,2,2
"chr07_005460491",4,3,4,2,4,4,4,4,4,4,4,4,4,4,4,4,4,4,4,4,4,4
"chr07_006240282",2,2,2,2,2,4,3,4,3,3,2,4,4,4,4,0,2,2,4,0,4,4
"chr07_006404170",1,0,1,0,0,0,0,0,0,0,0,0,0,0,0,0,0,0,0,0,0,0
"chr07_006526479",4,2,2,0,0,4,3,4,4,3,3,3,4,4,4,1,3,4,4,4,4,4
"chr07_006565088",4,1,2,0,2,1,2,0,1,1,2,2,0,1,1,2,2,1,1,2,1,2
"chr07_006694012",2,0,2,0,0,1,0,1,0,0,1,0,0,0,0,2,0,0,0,0,1,2
"chr07_007183441",4,4,4,4,0,0,0,3,1,2,0,4,2,0,2,4,1,2,0,2,4,1
"chr07_007356859",4,3,4,4,1,0,0,1,3,1,1,1,0,0,0,0,1,1,0,0,0,0
"chr07_007384635",0,0,0,0,3,4,4,4,1,2,3,3,3,4,4,4,4,4,4,2,4,3
"chr07_007384695",2,1,0,0,1,4,3,4,1,2,2,1,0,4,3,4,3,3,2,3,3,3
"chr07_007384761",2,1,0,0,0,4,2,3,1,2,1,1,0,3,2,3,0,0,1,1,2,2
"chr07_007486500",1,1,0,0,0,0,0,0,0,0,0,0,0,0,1,0,0,0,0,0,0,0
"chr07_007623282",2,4,3,4,4,4,4,4,4,4,4,4,4,4,4,4,4,4,4,4,4,4
"chr07_007640327",3,3,4,4,4,4,4,4,3,4,4,4,4,4,4,4,4,4,4,4,4,4
"chr07_008578559",2,0,4,2,4,4,4,2,4,4,4,4,4,4,4,4,4,3,4,4,4,4
"chr07_008690080",4,3,4,4,4,4,4,4,4,4,4,4,4,4,4,4,4,4,4,4,4,4
"chr07_008857674",2,4,3,4,3,4,3,3,4,3,3,2,4,1,4,3,4,4,4,4,3,2
"chr07_009901825",4,3,1,2,4,4,4,4,3,4,4,4,4,4,4,4,4,4,4,4,4,4
"chr07_010000593",2,3,4,4,4,4,4,4,4,4,4,4,4,4,4,4,4,4,4,4,4,4
"chr07_010243734",4,2,1,1,2,2,3,2,2,2,2,2,2,0,3,3,3,2,1,2,1,2
"chr07_010243856",4,1,2,3,0,0,1,0,0,0,0,0,0,0,0,0,0,1,0,0,0,0
"chr07_010251972",4,4,4,4,3,0,3,4,3,3,0,2,0,4,0,4,2,4,4,0,4,3
"chr07_010550854",4,3,4,4,4,4,4,4,4,4,4,4,4,4,4,4,4,4,4,4,4,4
"chr07_011395990",4,2,4,2,0,0,0,0,1,1,0,1,0,2,1,0,1,1,1,0,0,1
"chr07_011855183",3,2,4,3,4,4,3,4,3,4,4,2,2,3,3,4,3,3,4,3,4,3
"chr07_012059444",4,2,4,4,4,4,4,4,4,4,4,3,4,3,4,4,4,4,4,4,4,3
"chr07_013222833",3,4,3,3,4,4,4,4,4,4,4,4,4,4,4,4,4,4,4,4,4,4
"chr07_014926338",2,3,0,4,4,3,4,4,3,3,4,4,4,4,4,3,4,4,4,4,3,4
"chr07_015408409",4,3,4,4,3,2,4,2,2,0,1,3,2,2,3,3,3,4,3,4,2,2
"chr07_015748250",4,0,4,2,3,4,4,3,2,4,4,4,4,4,3,4,3,4,4,4,4,3
"chr07_017620862",1,0,0,0,0,0,0,0,0,0,0,0,0,0,0,0,0,0,0,0,0,0
"chr07_017980443",4,4,4,4,4,0,1,4,2,1,2,0,2,1,2,0,4,0,4,0,4,2
"chr07_017980539",4,4,4,4,4,0,1,4,2,1,2,0,1,0,0,0,4,1,4,0,4,2
"chr07_019920238",4,3,4,4,4,4,4,4,4,4,4,4,4,4,4,4,4,4,4,4,4,4
"chr07_021311883",4,3,4,4,4,4,4,4,4,4,4,4,4,4,4,4,4,4,4,4,4,4
"chr07_021484053",4,3,4,4,4,4,4,4,4,4,4,4,4,4,4,4,4,4,4,4,4,4
"chr07_023352019",2,2,2,0,0,0,0,0,0,0,0,0,0,0,1,0,0,0,0,0,0,0
"chr07_024404078",4,2,4,3,3,4,3,4,0,3,4,4,0,4,4,4,3,0,4,4,4,3
"chr07_025125700",4,3,4,4,4,4,4,4,4,4,4,4,4,4,4,4,4,4,4,4,4,4
"chr07_025394553",4,2,4,2,1,2,4,4,3,3,4,4,4,3,1,4,4,0,2,1,4,3
"chr07_025656406",4,4,4,4,2,2,4,1,3,4,3,3,2,3,3,2,2,4,4,2,3,3
"chr07_026520094",4,3,3,4,2,3,3,3,4,0,3,4,3,4,4,4,4,3,1,2,3,0
"chr07_026691936",4,4,4,4,4,2,2,4,3,3,0,2,3,3,2,2,4,1,2,1,0,3
"chr07_027336769",2,0,0,2,0,3,0,3,0,2,0,0,0,0,0,1,0,0,3,0,0,4
"chr07_027497184",4,1,4,4,4,4,4,4,4,4,4,1,3,4,4,4,4,4,0,3,4,4
"chr07_028579494",4,3,4,2,4,4,4,4,4,4,4,4,4,4,4,4,4,4,4,4,3,4
"chr07_028579536",4,4,1,4,1,1,1,0,2,1,2,0,0,1,0,0,1,1,4,0,1,0
"chr07_029732534",2,2,4,2,2,4,1,0,1,2,4,3,2,3,1,3,0,2,1,4,2,4
"chr07_030208428",3,1,0,1,0,0,0,0,0,1,0,0,0,0,0,1,0,2,0,0,0,0
"chr07_030208499",4,2,4,2,4,1,3,1,4,4,4,3,3,4,1,4,0,2,4,4,2,2
"chr07_030709057",1,1,4,0,0,1,0,0,0,0,0,0,0,0,0,1,0,0,0,2,0,0
"chr07_030908006",4,0,4,2,0,0,1,0,0,0,0,0,0,0,0,0,0,0,0,0,0,0
"chr07_030940119",4,4,0,4,4,4,4,4,4,4,4,4,4,4,4,4,4,4,4,4,4,4
"chr07_030986470",3,4,4,3,4,4,4,4,4,4,4,4,4,4,4,4,4,4,4,4,4,4
"chr07_031000688",4,3,0,4,4,4,4,4,4,4,4,4,3,4,4,4,4,4,4,4,4,4
"chr07_031210853",4,3,4,4,3,4,3,1,4,4,4,1,3,4,3,4,2,4,4,4,3,4
"chr07_031210918",4,2,4,4,3,4,3,0,4,4,4,0,2,4,2,4,0,4,4,4,2,4
"chr07_032412596",4,4,4,4,4,4,4,4,4,4,4,4,4,4,4,4,4,4,4,0,4,4
"chr07_032412780",2,0,2,2,0,2,0,2,0,0,4,2,0,0,0,4,2,4,0,4,2,0
"chr07_032504539",1,0,0,0,0,0,0,0,0,0,0,0,0,0,0,0,0,0,0,0,0,0
"chr07_032818622",4,3,4,4,4,2,0,4,0,2,4,4,2,2,2,4,4,0,4,0,4,2
"chr07_033262163",4,3,4,4,1,0,0,0,2,2,4,0,0,0,0,3,0,4,0,0,2,1
"chr07_033615582",4,1,4,2,0,0,0,0,2,2,2,2,2,1,1,1,0,2,0,0,3,0
"chr07_033891275",4,4,4,4,4,4,4,4,4,4,4,4,4,4,4,4,4,4,4,3,4,4
"chr07_034118789",2,1,0,0,0,0,0,4,0,2,1,0,0,0,1,0,1,0,0,4,0,0
"chr07_034372246",4,2,4,4,0,2,1,2,2,1,0,0,0,2,1,2,0,1,1,1,1,0
"chr07_034699659",4,3,3,4,3,3,4,4,2,4,4,4,0,4,4,3,2,2,2,3,4,3
"chr07_035510240",2,3,4,2,3,3,1,3,0,0,0,1,0,1,3,2,4,4,1,4,1,2
"chr07_035558168",2,3,4,2,4,4,4,4,4,0,4,4,4,4,4,4,4,4,4,4,4,4
"chr07_035574432",2,3,3,2,4,4,3,4,4,4,4,4,4,4,4,4,4,4,4,4,4,4
"chr07_036005478",2,3,4,2,4,4,2,4,4,4,4,4,4,4,4,4,4,4,4,4,4,4
"chr07_036757574",4,4,4,4,4,4,2,4,4,4,4,4,2,2,2,4,4,3,3,4,4,0
"chr07_036802989",4,2,2,2,4,0,3,1,2,4,1,4,4,4,4,0,2,1,1,4,1,4
"chr07_036803076",4,2,0,2,4,1,2,1,3,4,2,4,4,4,4,2,2,1,1,4,1,4
"chr07_036803147",4,2,2,2,4,0,3,1,3,4,3,4,4,4,4,3,3,2,2,4,2,4
"chr08_000558012",2,4,4,0,0,0,0,0,0,0,0,0,0,0,0,0,0,2,0,0,0,0
"chr08_000576870",3,4,4,0,4,4,4,4,4,4,4,4,4,4,4,4,4,4,4,4,4,4
"chr08_000599165",2,1,3,2,4,4,4,4,4,4,4,4,4,4,4,4,4,4,4,4,4,4
"chr08_000988766",2,0,3,0,4,4,4,4,4,4,4,4,4,4,4,4,4,2,4,4,4,4
"chr08_001021444",4,4,4,4,4,3,4,4,4,4,4,4,4,4,4,4,4,4,4,4,4,4
"chr08_001200130",4,3,1,4,4,4,4,4,4,4,4,3,4,4,4,4,4,3,3,4,4,4
"chr08_001200286",4,3,1,4,4,4,4,4,4,4,4,3,4,4,4,4,4,2,2,4,4,4
"chr08_001398400",4,4,3,4,4,4,4,4,4,4,4,4,4,4,4,4,4,4,4,4,4,4
"chr08_001666831",2,3,4,2,4,3,4,4,3,3,4,4,4,4,4,4,4,3,4,4,4,4
"chr08_001691699",1,0,0,1,0,0,0,0,0,0,0,0,0,0,0,0,0,0,0,0,0,0
"chr08_001691795",2,0,0,2,2,0,4,2,0,1,0,0,1,1,0,0,0,0,1,4,0,3
"chr08_002634187",4,4,4,2,4,2,2,4,3,0,2,3,2,2,2,3,2,1,1,3,4,3
"chr08_003123919",4,4,4,4,0,0,0,0,0,0,0,0,0,0,0,0,0,0,0,0,0,0
"chr08_003357477",4,4,4,4,0,1,0,0,0,1,1,0,0,0,0,0,0,2,1,1,0,1
"chr08_004011195",4,3,2,4,0,0,0,0,0,0,0,0,0,0,0,0,1,1,0,0,0,0
"chr08_004252668",2,3,4,2,4,4,4,4,4,4,4,4,4,4,4,4,4,4,4,4,4,4
"chr08_004340641",4,2,0,4,0,4,2,1,2,0,3,0,1,0,1,2,0,0,1,0,1,4
"chr08_004645864",4,2,4,2,4,4,4,1,1,1,2,3,4,3,1,4,2,4,3,3,3,3
"chr08_005076307",2,4,4,4,4,2,2,3,3,3,2,4,0,4,1,2,1,1,3,3,1,1
"chr08_005737714",2,4,3,4,3,4,4,4,4,4,3,2,3,4,4,4,4,4,4,4,4,4
"chr08_005740029",2,4,3,4,3,4,4,4,4,4,3,3,3,4,4,4,4,4,4,4,4,4
"chr08_005814532",4,2,4,2,4,2,3,2,2,3,2,4,3,2,3,3,4,3,2,2,2,2
"chr08_005995066",4,4,4,4,4,4,4,4,3,3,4,4,4,4,4,4,4,4,4,4,3,4
"chr08_006262238",2,0,3,2,0,0,2,1,1,0,1,1,0,1,0,0,0,0,2,1,1,1
"chr08_007528802",1,1,4,0,2,1,0,1,2,2,0,3,1,1,2,2,2,0,3,0,0,0
"chr08_007537534",2,2,2,2,4,4,4,3,2,1,3,2,4,4,3,3,3,2,4,4,3,3
"chr08_007537634",4,4,4,3,4,4,4,4,4,4,4,4,4,4,4,4,4,4,4,4,4,4
"chr08_007590062",4,3,2,4,4,4,4,4,4,4,4,4,4,4,4,4,4,4,4,4,4,4
"chr08_007590132",4,3,4,4,4,4,4,4,4,4,4,2,4,4,4,2,4,4,4,4,4,4
"chr08_008139103",4,2,0,2,2,4,4,4,4,4,2,4,3,4,3,3,3,4,4,4,4,4
"chr08_008398870",4,2,4,2,3,4,4,4,4,4,3,4,3,4,2,2,3,3,4,4,4,4
"chr08_009509177",2,1,0,0,0,0,0,0,0,0,0,0,0,0,0,0,0,0,0,0,0,0
"chr08_009867283",3,4,4,4,4,4,4,4,4,4,4,4,4,4,4,4,4,4,4,4,4,4
"chr08_010323678",4,4,4,4,4,3,3,4,4,4,4,3,4,3,4,3,4,4,4,4,4,3
"chr08_010893081",4,1,4,0,2,0,0,2,0,0,0,0,0,0,4,0,2,0,0,0,0,0
"chr08_011249543",2,1,4,2,4,4,3,2,4,4,2,4,4,3,4,2,4,3,2,4,3,3
"chr08_011595403",4,2,4,2,4,3,4,3,4,4,4,4,4,4,4,3,4,4,4,4,4,3
"chr08_012186630",4,3,4,4,3,3,4,4,4,4,3,4,4,4,4,4,4,3,4,4,4,3
"chr08_012936708",4,2,4,2,4,3,0,0,2,1,0,2,2,0,1,0,0,1,4,0,1,1
"chr08_013745032",4,4,4,4,3,4,4,4,4,4,4,4,4,4,3,4,4,4,3,4,2,4
"chr08_014844239",2,1,0,0,2,0,0,0,0,0,0,0,0,0,0,2,0,0,0,0,0,0
"chr08_015368308",1,0,4,1,0,0,0,0,0,0,0,0,0,0,0,0,0,0,0,0,0,0
"chr08_015679890",1,1,0,0,0,0,0,0,0,0,0,0,0,0,0,0,0,0,0,0,0,0
"chr08_015984026",4,4,4,4,3,4,4,2,4,4,4,4,3,4,2,4,2,4,4,4,4,1
"chr08_016052258",4,3,4,4,4,4,4,4,4,4,4,4,4,4,4,4,4,4,4,4,4,4
"chr08_016725909",4,3,4,4,0,2,1,0,0,0,1,4,0,2,1,0,1,0,0,3,0,1
"chr08_016726046",4,3,4,4,0,3,1,1,2,1,2,4,2,2,1,1,0,0,0,4,1,1
"chr08_016808964",4,2,4,2,2,4,2,1,2,3,4,0,4,2,4,2,2,1,1,0,2,3
"chr08_016809028",4,3,4,2,1,1,1,2,0,0,2,0,2,1,3,0,2,1,0,0,3,2
"chr08_016898445",4,4,1,0,4,4,0,4,4,4,4,4,4,4,4,2,3,2,3,4,3,4
"chr08_018567482",4,4,4,2,4,4,3,4,4,4,4,4,4,4,4,4,4,4,4,4,4,4
"chr08_018698221",4,4,2,2,4,3,2,4,2,3,3,4,3,3,2,3,3,3,1,3,3,4
"chr08_019505311",1,1,0,1,0,0,0,0,0,0,0,0,0,0,0,0,0,0,0,0,1,0
"chr08_019878397",4,4,3,4,4,4,4,4,4,4,4,4,4,4,4,4,4,4,4,4,4,3
"chr08_020044888",4,1,1,0,3,4,4,3,2,3,3,4,2,3,3,3,3,4,3,4,4,3
"chr08_020121482",4,4,4,4,4,4,4,4,3,4,4,4,4,4,4,4,4,4,4,4,4,3
"chr08_021394203",4,1,1,0,0,0,0,0,1,1,0,0,0,1,0,1,0,0,1,0,0,0
"chr08_021529428",4,4,4,4,4,4,4,4,2,4,4,4,4,4,4,4,4,4,4,4,4,4
"chr08_022457019",2,2,1,4,0,0,0,0,0,0,0,0,0,0,0,0,0,0,0,0,0,1
"chr08_023888013",4,1,0,0,0,0,0,0,0,0,0,0,0,0,0,0,0,0,0,0,0,0
"chr08_024254060",2,1,0,0,0,0,0,0,0,0,0,0,0,0,0,0,0,0,0,0,0,0
"chr08_024630092",2,4,3,4,0,4,4,4,4,4,4,4,4,4,4,4,4,4,4,4,4,4
"chr08_025318618",4,4,4,2,2,3,0,2,3,4,2,4,0,2,4,2,3,0,1,3,0,3
"chr08_025551412",4,4,0,4,2,0,0,1,0,0,0,1,0,0,3,1,1,0,1,1,0,2
"chr08_025806044",4,4,4,4,0,4,4,4,4,4,4,4,4,4,4,4,4,4,4,4,4,3
"chr08_025952205",2,1,0,0,0,0,0,0,0,0,0,0,0,0,0,0,0,0,0,0,0,0
"chr08_025968774",4,4,3,4,4,2,4,3,4,1,4,3,3,3,4,3,4,4,4,2,4,3
"chr08_026271676",4,4,4,4,4,3,3,4,4,4,3,4,4,3,4,4,4,4,4,4,4,4
"chr08_027288352",4,4,3,4,3,4,2,4,3,4,3,4,4,4,2,4,3,4,2,4,3,3
"chr08_027762839",4,3,2,3,2,3,4,4,4,4,4,4,3,3,4,4,0,1,4,3,4,4
"chr08_028630222",2,3,4,4,4,4,4,3,4,4,3,4,3,4,4,4,4,4,4,4,4,4
"chr08_028879044",4,4,4,4,4,4,4,3,2,3,2,3,3,3,4,3,4,1,3,4,2,4
"chr08_028879187",4,4,4,4,4,4,4,3,4,4,4,4,4,4,4,4,4,4,4,4,4,4
"chr08_028883531",2,3,3,4,1,2,1,1,3,3,2,1,0,2,0,2,1,3,0,3,3,1
"chr08_028934686",4,2,4,2,3,2,4,4,4,4,4,4,4,4,4,4,3,2,4,3,4,4
"chr08_029216372",4,3,1,4,4,4,4,4,4,4,4,4,4,4,4,4,4,4,4,4,4,4
"chr08_029651045",4,1,4,2,1,1,2,0,4,1,0,0,0,1,1,0,1,1,1,1,1,0
"chr08_029682945",3,4,4,4,4,4,4,4,4,4,4,4,4,4,4,4,4,4,4,4,4,4
"chr08_029907732",4,4,4,4,4,4,4,4,3,4,4,4,4,3,4,4,4,3,4,4,4,4
"chr08_029907825",2,1,0,0,0,0,0,2,0,0,0,0,0,0,0,0,0,0,0,0,0,0
"chr08_030147442",2,1,3,2,2,3,3,4,1,3,2,0,1,3,0,1,1,1,2,2,2,1
"chr08_030147563",4,4,3,2,2,4,3,4,3,4,3,4,3,4,2,2,2,1,4,2,3,1
"chr08_030147608",2,1,3,3,3,4,2,4,1,2,3,2,0,0,2,2,2,1,2,2,1,2
"chr08_030727592",4,3,4,4,4,4,4,4,4,4,4,4,4,4,4,4,4,4,4,4,4,4
"chr08_031195104",2,3,4,2,3,4,2,2,1,4,0,2,1,0,1,1,3,4,0,0,3,0
"chr08_031195172",4,4,4,4,4,4,3,4,1,3,4,4,4,4,4,4,4,4,4,0,4,0
"chr08_031693731",2,1,4,0,0,0,0,0,0,0,0,0,0,0,0,0,0,0,0,0,0,0
"chr08_032276132",4,3,4,2,4,4,4,4,4,4,4,4,4,4,4,4,4,4,4,4,4,4
"chr08_032412254",4,4,3,4,3,4,4,4,4,4,4,4,4,4,4,3,4,3,4,4,4,4
"chr08_032594481",4,4,4,4,2,3,1,2,2,1,1,1,1,4,0,1,1,2,3,3,1,2
"chr08_032954217",4,3,4,4,4,2,3,4,4,4,2,3,1,4,3,1,2,4,2,3,4,4
"chr08_033897032",4,3,4,3,4,3,4,3,3,3,4,4,4,4,4,4,4,4,4,4,3,3
"chr08_034182837",2,1,3,2,3,1,2,3,3,1,2,4,4,3,2,2,2,2,3,4,2,3
"chr08_035100292",4,2,4,4,3,3,4,4,4,3,4,3,4,4,4,4,4,4,3,4,4,3
"chr08_035524254",4,0,3,4,0,0,0,0,1,1,1,0,1,1,1,0,0,1,1,0,0,0
"chr08_036058149",4,4,3,4,3,3,2,4,2,1,2,3,4,1,2,0,1,0,2,3,4,4
"chr08_036988583",2,3,4,2,4,4,4,4,4,4,4,4,4,4,4,4,4,4,4,4,4,4
"chr08_037587232",4,3,4,2,0,2,2,4,4,3,4,3,4,4,4,4,4,2,4,4,4,1
"chr08_038253128",4,2,0,2,1,2,0,0,0,2,4,1,0,2,0,0,0,3,4,0,0,2
"chr09_000048678",2,4,4,4,4,3,4,3,2,4,1,3,1,4,4,4,4,3,4,4,4,4
"chr09_000183150",4,4,3,3,4,4,4,4,4,4,4,4,4,4,4,4,4,4,4,4,4,4
"chr09_000634275",2,4,2,2,2,2,4,4,4,4,4,4,4,4,3,4,2,2,4,4,2,4
"chr09_000842502",4,3,2,2,4,3,4,4,4,3,3,3,4,4,3,4,4,2,4,4,3,4
"chr09_000847000",2,0,0,0,0,1,0,1,1,1,2,0,0,0,0,0,0,0,1,1,0,0
"chr09_001154255",2,4,4,2,0,3,1,2,2,3,2,1,1,0,2,2,2,0,2,2,1,0
"chr09_001255701",4,4,2,4,4,4,4,2,4,4,3,3,4,4,4,4,4,4,4,4,4,4
"chr09_001614530",4,4,3,4,4,4,4,4,4,3,4,4,4,4,4,4,4,4,4,4,3,4
"chr09_001656724",2,2,0,0,0,0,0,0,0,0,0,0,0,0,0,0,0,0,0,0,0,0
"chr09_001959697",2,4,2,4,3,2,1,4,2,3,4,4,4,4,4,4,4,4,4,4,2,4
"chr09_002086981",2,3,4,4,1,3,1,0,2,3,1,3,2,2,1,1,1,3,2,3,3,1
"chr09_002466159",2,3,4,4,0,0,0,2,0,1,0,1,0,0,0,0,0,1,1,0,2,0
"chr09_003105313",4,4,4,4,4,4,4,4,3,3,4,4,4,4,4,4,4,4,4,4,4,4
"chr09_003166968",4,4,4,4,4,4,4,4,3,3,4,4,4,4,4,4,4,4,4,4,4,4
"chr09_003167092",2,3,4,4,4,4,4,4,4,4,4,4,4,4,4,4,4,4,4,4,4,4
"chr09_003568833",4,3,4,4,4,4,4,4,4,4,4,4,4,4,4,4,4,4,4,4,4,4
"chr09_003753059",2,1,0,0,1,0,1,1,1,0,1,0,1,0,1,0,1,0,0,1,0,1
"chr09_004383774",4,4,4,2,4,4,4,4,4,4,4,4,4,4,4,4,4,4,4,4,4,4
"chr09_004538831",4,4,0,4,3,4,4,4,4,4,4,4,4,4,3,3,4,4,4,4,4,4
"chr09_004538943",4,4,0,4,2,2,0,3,2,3,1,1,4,0,2,1,2,1,1,3,2,3
"chr09_004543045",4,4,4,4,3,4,3,3,4,4,2,4,3,3,2,2,3,2,2,2,2,3
"chr09_004559741",4,4,4,4,4,4,4,4,4,4,4,4,4,4,4,4,4,4,3,4,4,4
"chr09_004567530",4,3,4,2,0,4,4,4,4,4,0,4,3,4,4,3,4,4,2,3,4,4
"chr09_004764326",4,4,4,4,4,4,4,4,4,4,4,4,4,3,4,4,4,4,4,4,4,4
"chr09_004796578",4,3,0,2,4,4,4,4,4,0,4,4,4,4,4,4,4,4,4,2,2,4
"chr09_004839568",2,3,4,2,4,4,4,4,4,3,4,4,4,4,4,4,4,4,4,3,4,4
"chr09_005052200",4,1,2,2,3,0,0,0,0,0,2,0,4,0,0,2,0,0,1,0,4,2
"chr09_005255972",4,4,2,4,4,3,4,3,3,2,4,4,2,4,2,4,3,4,3,2,3,4
"chr09_005256021",4,4,4,4,1,0,2,0,0,0,1,1,3,2,3,4,4,1,4,4,1,2
"chr09_005386027",4,3,4,2,3,3,3,2,3,3,3,4,3,4,2,2,3,4,3,3,3,4
"chr09_005699438",2,4,4,4,3,4,4,4,4,4,2,4,4,4,4,2,4,4,4,4,4,4
"chr09_005837549",4,2,4,1,4,4,0,4,4,4,4,4,0,0,4,4,4,1,4,4,4,2
"chr09_005870828",4,4,4,4,4,4,4,4,4,4,4,4,4,4,4,4,3,4,4,4,4,4
"chr09_005922345",4,1,2,2,4,3,3,4,3,3,4,4,2,4,4,4,3,4,3,3,3,4
"chr09_006186296",4,1,2,2,2,1,0,3,0,0,1,0,0,0,1,0,1,2,3,0,2,0
"chr09_006758817",4,1,0,2,0,0,0,0,0,0,1,0,0,1,0,0,0,1,0,0,0,0
"chr09_006888740",2,3,4,2,3,4,4,3,2,2,2,4,0,3,4,4,2,1,4,2,4,4
"chr09_007221967",2,0,0,0,2,2,1,3,1,2,0,2,0,0,3,0,2,0,0,0,0,0
"chr09_007546186",2,4,4,4,4,4,4,0,2,3,3,4,4,1,3,2,3,1,3,0,4,1
"chr09_007546211",4,3,4,2,3,4,4,4,4,4,4,4,4,4,4,4,4,4,4,4,4,4
"chr09_007546345",2,4,2,4,3,4,4,1,3,3,3,4,4,1,4,3,2,1,2,2,3,1
"chr09_007546380",0,0,0,0,2,3,4,0,0,1,3,2,3,4,2,3,3,4,0,4,3,4
"chr09_007870653",2,1,0,2,0,0,0,0,0,0,0,0,0,0,0,0,0,0,0,0,0,0
"chr09_007900801",4,3,0,2,3,3,4,2,4,2,4,4,4,4,4,3,4,4,4,0,4,4
"chr09_008028982",4,4,0,4,0,2,4,3,4,3,1,2,4,2,2,4,1,2,3,4,3,4
"chr09_008029033",4,4,4,4,4,4,4,4,4,4,4,4,4,4,4,4,4,4,4,4,4,3
"chr09_009220033",4,2,2,4,0,0,0,0,0,0,0,0,0,0,0,0,0,0,0,0,0,0
"chr09_009569899",2,1,0,2,0,0,0,0,0,0,0,0,0,0,0,0,0,0,0,0,0,0
"chr09_009911605",2,3,4,2,4,4,4,4,4,4,4,4,4,4,4,4,4,4,4,4,4,4
"chr09_010280763",2,1,0,4,0,0,0,3,4,0,0,0,0,0,0,0,2,0,0,1,0,3
"chr09_011595275",4,3,4,4,0,0,0,1,1,1,2,1,2,1,0,4,2,1,0,0,0,1
"chr09_011595306",4,3,4,4,4,4,4,4,4,4,4,4,4,4,4,4,4,4,4,4,4,4
"chr09_011600953",4,3,4,4,4,4,4,4,4,4,4,4,4,4,4,4,4,4,4,4,4,4
"chr09_012085903",4,2,2,1,0,0,0,0,0,0,0,0,0,0,0,0,0,0,0,0,0,0
"chr09_012450834",4,3,4,2,4,4,4,4,4,2,4,4,4,4,4,3,4,4,3,4,4,3
"chr09_012450858",4,4,4,4,2,2,1,1,1,1,1,3,1,3,2,4,2,2,3,0,0,1
"chr09_012838118",4,4,4,4,4,4,4,4,4,4,4,4,4,4,4,4,4,3,4,4,4,4
"chr09_013287810",4,3,4,2,2,2,4,3,1,3,4,4,4,3,3,3,3,4,3,3,2,3
"chr09_013912834",4,3,4,2,4,4,4,4,4,4,4,4,4,4,4,4,4,4,4,4,4,4
"chr09_013989349",4,4,4,4,4,4,4,4,4,4,4,4,4,4,4,0,4,4,4,4,4,4
"chr09_015446061",2,3,4,2,2,2,2,2,2,1,1,2,0,1,2,1,1,0,3,1,3,2
"chr09_015561838",4,1,0,1,1,1,1,1,0,0,0,3,1,3,1,3,2,0,2,1,0,3
"chr09_015684094",4,4,4,4,1,4,4,0,4,4,4,4,3,4,4,0,4,4,4,4,4,3
"chr09_015760060",4,3,4,1,2,0,0,0,0,0,1,1,1,0,2,0,1,1,1,0,0,1
"chr09_016313500",4,4,4,4,3,4,2,2,2,1,1,2,2,1,3,4,2,4,3,2,3,2
"chr09_016568848",4,1,0,1,0,0,0,0,0,0,0,0,0,0,0,0,0,0,0,0,0,0
"chr09_016621900",2,2,0,4,0,0,0,0,0,0,0,0,0,0,0,0,0,0,0,0,0,0
"chr09_017375576",1,1,0,0,0,0,0,0,0,0,0,0,0,0,0,0,0,0,0,0,0,0
"chr09_018057630",2,1,0,2,0,0,0,0,0,0,0,0,0,0,0,0,0,0,0,0,0,0
"chr09_018123572",4,3,4,2,4,4,4,4,4,4,4,4,4,4,4,4,4,4,4,4,4,4
"chr09_018404852",4,4,4,4,4,4,4,4,3,4,4,4,4,4,4,4,4,4,4,4,4,4
"chr09_018662170",2,1,2,3,2,1,0,1,0,1,2,2,0,0,3,1,3,3,1,3,0,1
"chr09_019460212",2,2,0,4,1,0,1,2,0,0,0,0,0,0,3,0,1,1,0,0,0,0
"chr09_019553871",4,4,0,4,2,3,1,2,3,3,2,1,1,3,3,1,2,4,1,2,3,0
"chr09_020668505",4,4,4,4,4,4,4,4,4,4,4,4,4,4,4,4,4,4,3,4,3,4
"chr09_020840218",1,1,0,1,0,0,0,0,0,0,0,0,0,0,0,0,0,0,0,0,0,0
"chr09_021150588",4,4,4,4,0,3,4,4,4,4,4,4,4,4,4,3,3,3,3,4,1,4
"chr09_022115182",4,4,1,4,4,4,4,4,4,4,4,4,4,4,4,4,4,4,4,4,4,4
"chr09_022115236",2,3,4,2,4,4,4,4,4,4,4,4,4,4,4,4,4,4,4,4,4,4
"chr09_022115385",4,3,0,2,0,0,4,0,4,2,0,4,0,0,0,0,1,0,0,0,0,0
"chr09_022396793",3,3,4,3,4,4,4,4,4,4,4,4,4,4,4,4,4,4,4,4,4,4
"chr09_024139588",2,3,2,4,1,2,1,2,0,1,0,4,1,2,3,2,3,2,1,2,2,3
"chr09_024202030",4,4,3,4,1,0,0,1,0,0,0,3,0,2,2,1,1,1,0,1,1,2
"chr09_024917006",4,1,3,2,2,2,3,3,1,3,0,2,2,2,4,3,3,2,2,0,3,2
"chr09_026933339",4,4,4,4,3,3,3,4,4,4,3,4,4,4,4,4,4,4,4,3,4,4
"chr09_027669708",4,4,4,4,4,4,4,4,4,4,3,4,4,4,4,4,4,4,4,4,4,4
"chr09_027669727",2,0,1,2,3,1,3,4,3,3,1,1,1,3,1,3,2,1,3,2,0,2
"chr09_030670391",4,4,4,4,4,3,4,4,4,3,3,4,4,3,2,3,2,4,3,4,4,4
"chr09_030926935",4,3,4,4,4,4,4,3,4,4,4,4,0,4,4,3,4,4,4,4,4,4
"chr09_031324348",4,4,4,4,3,3,3,2,4,3,4,4,0,4,4,2,4,2,3,4,4,3
"chr09_032095706",2,1,0,2,0,0,0,0,0,0,0,0,0,0,0,0,0,0,0,0,0,0
"chr09_032787098",4,2,4,4,4,4,4,3,4,4,4,1,3,4,3,2,4,2,4,3,4,4
"chr09_033026689",4,3,4,4,4,4,4,4,4,4,4,4,4,4,4,4,4,4,4,4,4,4
"chr09_033470547",4,4,4,4,3,4,4,4,2,2,2,4,4,4,4,4,4,3,4,3,3,4
"chr09_034241401",1,0,0,1,0,0,0,0,0,0,0,0,0,0,0,0,0,0,0,0,0,0
"chr09_036266430",4,4,4,4,4,4,4,4,4,4,4,4,4,4,4,3,4,3,4,3,4,4
"chr09_037352830",4,4,4,4,4,4,0,4,4,4,4,4,4,4,4,4,2,4,4,4,4,4
"chr09_037764635",3,3,4,4,4,4,4,4,4,4,4,4,4,4,4,4,4,4,4,4,4,4
"chr09_038023246",1,1,0,0,0,0,0,0,0,0,0,0,0,0,0,0,0,0,0,0,0,0
"chr09_038322347",2,1,0,0,0,0,0,0,0,0,0,0,0,0,0,2,0,1,0,4,0,0
"chr09_038342017",4,3,4,2,0,1,0,0,0,0,0,0,0,2,0,1,0,2,0,2,0,0
"chr09_038656205",4,1,4,2,4,4,4,3,4,4,4,3,3,4,4,4,4,3,4,4,4,4
"chr09_039352042",4,3,4,4,4,4,4,4,4,3,4,3,3,4,4,4,4,3,4,4,0,4
"chr09_039827612",4,4,2,2,0,0,0,1,0,1,1,1,1,1,2,1,2,1,0,2,3,0
"chr09_040344348",4,4,4,4,4,4,2,4,4,3,4,2,3,3,3,2,4,3,2,4,4,3
"chr09_041407931",4,4,4,4,0,3,0,2,1,0,0,1,0,0,1,0,2,2,0,0,0,1
"chr10_000425350",3,3,3,3,3,3,3,3,4,3,4,3,3,4,3,3,3,3,3,3,3,3
"chr10_000456652",1,0,0,0,0,0,0,0,0,0,0,0,0,0,0,0,0,0,0,0,0,0
"chr10_000467634",4,4,4,4,0,0,0,0,1,0,0,0,1,0,0,1,0,0,2,0,3,0
"chr10_000479726",2,0,0,0,4,4,2,4,2,2,4,4,4,4,4,4,4,2,2,4,4,4
"chr10_000756838",2,4,4,4,4,2,4,4,4,4,4,4,4,2,4,4,4,4,4,4,3,4
"chr10_000897856",4,1,4,2,4,0,2,4,2,4,4,4,2,4,3,4,4,0,4,4,4,2
"chr10_001157266",4,4,4,4,4,4,4,3,4,4,4,4,4,4,4,4,4,4,4,4,3,4
"chr10_001230688",4,4,1,4,3,4,4,4,4,4,4,4,4,3,4,4,4,4,4,3,4,4
"chr10_001230786",4,4,1,2,4,3,4,4,4,4,4,4,4,4,4,4,2,4,3,4,4,2
"chr10_001593524",4,3,4,4,4,4,4,4,4,4,4,4,4,4,4,4,4,4,4,4,4,4
"chr10_001858789",3,4,3,3,4,4,4,4,3,3,4,3,4,4,4,4,4,4,4,4,4,4
"chr10_002696535",2,1,3,0,0,0,0,0,0,0,0,0,0,0,0,0,0,0,0,0,0,0
"chr10_002704663",2,1,3,0,0,0,0,0,0,0,0,0,0,0,0,0,0,0,0,0,0,0
"chr10_002962379",4,1,0,0,4,4,3,3,3,3,3,3,4,3,4,4,3,3,3,4,4,2
"chr10_005286345",4,3,4,4,4,3,2,4,3,3,4,4,4,4,4,4,4,0,4,4,2,4
"chr10_005286424",4,4,4,4,4,4,4,4,4,4,4,4,4,4,4,4,4,4,4,3,3,4
"chr10_005426137",2,3,0,0,4,3,2,3,3,3,3,4,4,4,4,4,4,4,3,3,3,4
"chr10_005649036",2,4,3,2,1,1,1,0,2,2,4,4,4,2,4,1,2,0,2,2,2,4
"chr10_006373521",4,1,1,1,0,0,1,0,0,0,0,0,0,0,0,0,0,0,0,0,0,0
"chr10_006373675",4,3,1,1,0,0,0,0,0,0,0,0,0,0,0,0,0,0,0,0,0,0
"chr10_007058453",2,3,0,2,0,1,0,0,0,0,0,0,1,0,0,0,0,0,0,0,0,0
"chr10_008185294",2,4,2,2,2,3,2,2,4,3,2,3,2,3,3,2,4,0,3,2,3,3
"chr10_008327351",4,0,4,4,0,4,0,0,3,3,0,0,0,0,1,0,1,0,2,0,0,0
"chr10_008787429",0,0,4,4,4,4,4,4,4,3,4,4,4,3,4,4,4,4,4,4,4,4
"chr10_008870954",4,4,2,2,0,0,0,0,2,1,1,0,1,1,1,0,0,0,0,0,2,2
"chr10_009217439",3,4,4,4,3,4,4,4,4,4,4,4,3,4,4,4,4,4,4,4,4,4
"chr10_009516205",2,0,0,2,0,1,0,0,0,0,0,0,0,0,0,0,0,1,0,0,0,0
"chr10_010039517",1,0,1,1,0,0,0,0,0,0,0,0,0,0,0,0,0,0,0,0,0,0
"chr10_010376102",4,4,4,4,4,4,4,4,4,4,4,4,4,4,4,4,4,4,2,4,4,4
"chr10_011358315",4,4,4,4,4,4,4,4,4,4,0,4,4,4,4,4,4,4,4,4,4,4
"chr10_011870031",1,0,2,1,0,0,0,0,0,0,0,0,0,0,0,0,0,0,0,0,0,0
"chr10_012810076",2,0,0,0,3,3,2,2,3,2,0,3,1,4,3,2,1,2,1,0,1,2
"chr10_013574087",4,4,4,4,4,4,4,4,3,3,4,4,4,4,4,4,4,4,3,4,4,4
"chr10_013765668",2,2,4,2,0,0,0,1,0,0,0,0,1,0,0,0,0,1,0,0,0,0
"chr10_013933412",2,3,1,2,4,3,4,4,3,3,4,2,4,3,4,4,4,4,4,4,4,4
"chr10_013934850",2,3,1,2,4,3,4,4,4,4,4,3,4,3,4,4,4,4,4,4,4,4
"chr10_014218036",4,2,4,4,4,4,4,4,4,4,4,4,4,4,4,4,4,4,4,4,4,4
"chr10_015412679",4,4,4,4,4,4,4,4,4,2,4,4,4,4,4,4,4,4,4,4,4,4
"chr10_017349759",4,2,3,4,4,4,4,4,4,4,4,4,4,4,4,4,4,4,4,4,4,4
"chr10_017370317",2,1,0,2,0,1,1,0,1,3,0,2,1,2,2,0,1,1,1,1,0,1
"chr10_018120143",2,3,1,2,0,2,2,0,0,1,0,0,0,1,0,0,0,0,1,2,0,1
"chr10_018496269",2,1,0,0,0,0,0,0,0,0,0,0,0,0,0,0,0,0,0,0,0,0
"chr10_018661703",4,4,1,4,0,2,0,0,1,1,0,0,0,1,1,0,1,1,1,0,0,0
"chr10_018999040",4,1,0,2,0,0,0,1,1,0,0,0,0,1,1,0,0,1,1,1,0,0
"chr10_019344990",2,3,4,2,4,4,4,2,2,4,4,4,4,2,2,2,4,2,2,1,4,4
"chr10_020404264",4,4,4,2,4,4,4,4,3,3,4,4,4,4,4,4,4,4,3,4,4,4
"chr10_021743091",1,0,0,0,0,0,0,0,0,0,0,0,0,0,0,0,0,0,0,0,0,0
"chr10_021906923",4,4,4,4,4,0,4,4,4,4,0,4,4,4,4,0,4,4,4,0,4,4
"chr10_021964121",4,1,0,2,4,0,0,0,2,2,2,0,0,0,0,0,0,0,0,0,0,0
"chr10_022452773",4,3,3,0,1,0,3,4,4,3,4,0,1,1,3,1,3,3,1,4,4,4
"chr10_023343702",4,1,0,2,0,0,0,0,0,0,0,0,0,0,0,0,0,0,0,0,0,0
"chr10_023343822",4,4,4,4,3,2,2,4,3,2,0,4,3,2,2,3,2,2,4,2,3,3
"chr10_023537683",2,0,4,0,0,0,0,4,0,1,0,3,2,0,1,1,4,1,0,0,0,2
"chr10_023761524",2,4,4,2,3,4,4,4,4,3,4,4,4,4,4,2,4,4,2,4,4,4
"chr10_024056758",2,2,0,0,1,0,0,0,0,1,0,0,0,0,0,1,0,0,0,0,0,0
"chr10_024253083",2,2,1,0,0,2,1,0,0,0,2,0,1,2,0,0,1,0,0,2,2,1
"chr10_024553053",4,4,3,4,2,4,4,4,4,4,4,4,4,4,4,4,4,4,4,4,4,4
"chr10_024714277",1,2,4,1,1,0,0,0,0,1,0,1,0,0,4,0,0,0,1,0,0,4
"chr10_025354512",3,4,4,4,4,4,4,4,4,4,4,4,4,4,4,4,4,4,4,4,4,4
"chr10_025625703",2,2,0,2,4,4,3,4,3,3,4,4,3,4,3,2,2,4,3,4,4,3
"chr10_026028634",4,4,1,4,4,4,4,4,4,4,4,4,4,4,4,4,4,4,4,4,4,4
"chr10_026028789",4,1,4,4,4,4,4,4,4,4,4,4,4,4,4,4,4,4,4,4,4,4
"chr10_026181479",4,3,4,4,4,4,4,4,4,4,4,3,4,4,4,4,4,4,4,4,4,4
"chr10_026181534",4,3,4,4,4,4,4,4,4,4,4,3,4,4,4,4,4,4,4,4,4,4
"chr10_027355952",2,3,4,4,4,4,4,4,4,4,4,4,4,3,4,4,4,4,4,4,4,4
"chr10_027574002",4,4,0,2,4,1,2,1,3,3,4,3,2,1,2,1,2,1,1,4,4,4
"chr10_027702472",4,3,4,2,4,4,4,2,3,4,2,2,3,4,3,4,3,4,3,4,4,4
"chr10_027702558",4,3,4,2,4,4,4,4,4,4,4,2,3,4,3,4,3,4,4,4,4,4
"chr10_027804714",3,3,4,4,1,3,0,0,0,0,1,2,3,0,1,0,0,1,0,0,1,0
"chr10_028362295",4,4,4,4,4,4,4,4,4,4,4,3,4,4,4,4,4,4,4,4,3,4
"chr10_028500702",0,0,0,0,0,0,0,0,0,1,0,0,0,0,0,0,0,0,0,0,0,0
"chr10_029185668",4,2,4,2,4,4,3,4,4,4,4,4,4,4,4,4,4,4,4,4,4,1
"chr10_029800861",2,3,4,4,4,4,4,4,4,0,2,4,4,4,2,0,4,0,2,4,0,2
"chr10_030235626",1,1,0,2,0,0,0,0,0,0,0,0,0,0,0,0,0,0,0,0,0,0
"chr10_030554214",4,4,3,4,4,4,4,4,4,4,4,4,4,4,4,4,4,4,4,4,4,4
"chr10_030554312",4,4,2,4,1,3,0,0,0,0,2,2,0,0,0,0,0,0,2,0,0,3
"chr10_030886054",2,3,3,2,4,4,4,4,4,4,4,4,4,4,4,4,4,4,3,4,4,4
"chr10_031935278",4,2,0,2,0,0,0,0,0,0,0,0,0,0,0,0,0,0,0,0,0,0
"chr10_032242021",2,3,1,2,2,3,4,3,3,3,2,4,4,0,3,4,4,2,4,3,3,1
"chr10_032372959",4,4,4,2,2,2,0,1,1,1,2,3,1,2,2,1,1,3,2,1,0,2
"chr10_032911582",3,4,3,4,4,4,4,4,4,4,4,4,4,4,4,4,4,3,3,4,4,4
"chr10_032911645",4,2,3,4,4,4,4,4,4,4,3,3,3,4,4,3,4,4,2,3,4,3
"chr10_033340913",4,4,2,4,4,4,4,4,4,4,4,4,4,4,4,4,4,4,4,4,4,3
"chr11_000338729",2,0,3,0,4,4,4,4,4,4,4,4,4,4,4,4,4,4,4,4,3,4
"chr11_000557544",4,4,3,2,4,4,4,4,4,4,4,4,4,4,4,4,4,4,4,4,4,4
"chr11_000557604",4,4,3,2,4,4,4,4,4,4,4,4,4,4,4,4,4,4,4,4,4,4
"chr11_000558183",4,4,3,2,3,4,4,4,4,4,4,4,4,4,4,4,3,4,4,4,4,2
"chr11_000821597",4,4,4,4,2,2,4,2,2,4,1,4,2,0,1,2,1,1,2,3,2,0
"chr11_000821633",4,0,4,2,0,0,3,4,4,4,4,0,1,4,0,4,0,4,0,4,4,4
"chr11_000924552",4,0,3,0,0,2,0,1,0,0,1,0,0,2,0,0,0,0,1,0,4,0
"chr11_000943158",1,0,0,0,0,0,0,0,0,0,0,0,0,0,0,0,0,0,0,0,0,0
"chr11_001922267",4,4,0,0,1,0,1,0,0,0,0,2,1,0,0,0,0,0,0,0,1,1
"chr11_003949514",4,4,4,2,3,4,4,4,4,4,3,3,4,3,4,4,4,4,4,3,4,4
"chr11_004198804",4,4,4,4,4,4,4,4,4,4,3,4,4,4,4,4,4,4,4,4,4,4
"chr11_005546243",4,0,0,4,1,0,0,0,1,0,1,0,3,0,2,0,2,0,1,3,1,3
"chr11_006081812",2,0,1,2,0,0,0,0,0,0,0,0,0,0,0,0,0,0,0,0,0,0
"chr11_006194095",4,4,4,4,4,3,3,4,3,2,4,4,3,4,4,4,4,2,4,3,4,4
"chr11_007076598",4,0,0,0,0,0,0,0,0,0,0,0,0,0,0,0,1,2,0,0,0,0
"chr11_007201789",2,2,1,2,4,4,4,4,4,4,4,4,2,1,4,4,4,0,4,4,0,0
"chr11_007758644",4,4,4,4,0,4,4,4,4,4,3,4,4,3,4,4,4,4,4,4,4,4
"chr11_007843845",2,0,2,2,0,0,0,0,0,0,0,0,0,1,0,0,0,0,0,0,0,0
"chr11_007913320",4,4,4,4,2,2,3,1,4,4,4,4,2,3,4,4,4,4,1,4,4,0
"chr11_007913425",4,4,4,4,0,2,4,4,4,4,4,4,4,2,4,4,4,4,4,4,4,2
"chr11_008392709",2,4,3,2,4,4,4,4,4,4,4,4,4,4,4,4,4,4,4,4,4,4
"chr11_009217236",1,0,0,0,0,0,0,0,0,0,0,0,0,0,0,0,0,0,0,0,0,0
"chr11_009487166",2,0,0,0,0,0,1,1,4,2,1,0,0,0,0,4,0,0,0,0,4,2
"chr11_009553410",4,0,0,1,0,0,0,0,0,0,0,0,0,0,0,0,0,0,0,0,0,0
"chr11_009603306",2,0,0,0,4,0,0,1,1,2,0,0,0,0,0,2,0,1,0,0,0,1
"chr11_009603408",1,0,0,0,0,0,0,0,0,0,0,0,0,0,0,0,0,0,0,0,0,0
"chr11_009764015",4,4,4,4,4,1,4,4,2,0,4,4,3,2,4,1,4,4,4,4,4,4
"chr11_010042184",4,2,4,4,0,2,2,0,2,4,1,0,1,1,0,2,0,2,4,1,2,1
"chr11_010283458",4,4,0,4,4,4,4,4,4,4,4,4,4,4,4,4,4,4,4,4,4,4
"chr11_010797163",4,4,4,4,2,2,4,3,2,2,2,1,4,3,2,1,2,3,1,0,0,3
"chr11_011715343",2,0,0,4,0,0,0,0,0,0,0,0,0,0,0,0,0,0,0,0,0,0
"chr11_012529264",4,4,4,3,2,0,1,0,1,0,0,0,0,3,3,0,0,1,0,3,3,0
"chr11_013002501",4,2,3,4,4,4,3,4,4,4,4,4,4,2,4,4,4,3,4,4,4,4
"chr11_013430606",3,3,4,3,4,4,4,4,4,4,4,4,4,4,4,4,4,4,4,4,4,4
"chr11_013613806",4,4,4,4,4,4,4,4,4,4,4,4,4,3,4,4,4,4,4,4,4,4
"chr11_013613849",4,4,4,4,4,4,4,4,4,4,4,4,4,4,4,4,4,3,4,4,4,4
"chr11_013613980",4,2,4,2,3,2,4,4,1,2,1,3,3,2,4,2,0,0,3,2,4,3
"chr11_013725268",2,4,1,0,0,0,0,0,0,0,0,0,0,0,0,0,0,4,0,0,0,0
"chr11_014344405",4,4,3,4,4,4,4,4,3,3,4,4,4,4,4,4,4,4,3,4,2,4
"chr11_014671491",2,0,4,4,4,3,3,3,3,3,4,4,4,4,2,4,4,2,3,3,4,4
"chr11_014886765",4,4,3,4,4,4,4,4,3,4,4,4,4,4,4,4,4,4,4,4,4,4
"chr11_015265263",2,2,3,2,4,2,2,3,3,3,4,4,4,4,2,4,4,0,3,4,4,1
"chr11_015442540",2,2,3,2,0,1,0,0,1,1,0,0,2,0,0,2,0,0,0,1,0,0
"chr11_015662919",4,4,4,2,2,4,4,0,2,1,1,4,4,2,1,4,4,2,0,0,0,0
"chr11_015973683",4,1,4,4,0,0,0,0,0,0,0,0,0,2,0,0,0,0,0,0,0,0
"chr11_016901341",4,2,0,4,1,2,1,4,2,3,4,0,3,0,3,4,3,1,2,3,4,4
"chr11_017278600",4,4,4,4,4,4,3,4,4,4,4,4,4,4,4,4,4,4,4,4,4,4
"chr11_017278672",4,4,1,2,4,4,1,4,2,2,3,4,4,3,3,2,4,4,3,4,2,4
"chr11_019070684",4,4,3,4,1,2,1,1,2,2,1,0,2,2,1,1,1,0,0,0,0,4
"chr11_019184435",2,2,1,2,3,4,4,3,3,2,3,4,4,3,3,4,3,4,4,4,4,2
"chr11_019649506",3,2,0,2,3,2,3,3,1,2,3,2,3,3,4,4,4,3,4,4,4,2
"chr11_020197141",2,3,3,0,0,1,1,0,0,0,0,0,0,0,2,0,1,0,0,0,0,0
"chr11_020409048",2,3,4,4,4,4,4,4,4,4,4,4,4,4,4,4,4,4,4,4,4,4
"chr11_022116709",4,3,1,4,4,2,1,0,2,4,4,0,3,4,2,0,3,0,2,4,4,2
"chr11_022116797",4,3,2,4,4,3,2,4,4,4,4,4,3,4,3,2,3,3,3,4,4,4
"chr11_022984662",4,3,4,4,4,4,4,4,4,4,4,4,4,4,4,4,4,4,4,4,4,4
"chr11_023149721",3,2,4,4,4,4,4,4,3,4,4,4,4,4,4,4,4,4,4,4,4,4
"chr11_023481165",4,4,4,2,4,4,4,4,4,4,4,3,3,3,4,2,4,4,4,0,4,4
"chr11_024005853",2,1,1,2,4,2,4,1,4,2,0,0,4,0,2,2,3,0,0,0,0,0
"chr11_024112099",2,2,0,0,0,2,0,3,0,2,0,4,0,4,2,0,1,0,4,4,2,2
"chr11_025066370",2,2,0,0,0,0,0,1,0,1,0,0,0,0,1,0,1,0,0,0,0,0
"chr11_025127086",3,2,4,3,3,4,4,4,1,2,3,4,4,4,3,4,3,4,4,4,4,4
"chr11_025608372",2,2,0,0,2,2,4,4,2,3,4,2,4,4,4,4,3,3,3,3,4,3
"chr11_025781022",4,4,4,4,3,4,3,3,2,1,3,3,3,3,1,3,2,2,3,1,4,2
"chr11_025781108",4,4,4,4,3,4,2,3,2,1,3,3,3,3,2,3,2,2,3,1,4,2
"chr11_026158220",4,4,4,4,2,1,0,0,2,2,0,1,1,1,2,1,2,0,0,3,1,0
"chr11_026472705",4,4,4,4,4,3,4,0,2,4,4,3,2,4,4,4,4,0,3,4,4,4
"chr11_027200096",4,4,4,2,0,0,0,0,2,1,0,1,1,1,0,2,1,0,1,2,0,0
"chr11_027504999",4,3,4,4,4,4,4,4,4,4,4,4,4,4,4,4,4,4,4,4,4,4
"chr11_027618022",4,4,4,4,4,4,4,4,4,3,4,4,4,4,4,4,4,4,4,4,4,4
"chr11_027894327",4,3,0,2,0,1,2,1,1,2,2,1,0,0,0,2,1,1,0,0,0,2
"chr11_028295309",3,4,4,3,4,4,4,4,4,4,4,4,4,4,4,4,4,4,4,4,4,4
"chr11_029227413",4,4,2,0,2,2,1,0,0,2,0,0,0,0,1,1,2,0,2,0,0,2
"chr11_029278168",4,4,4,4,4,4,3,4,4,4,4,4,4,4,4,4,4,4,4,4,4,4
"chr11_029592121",2,0,2,2,0,0,0,0,0,0,0,1,4,0,0,0,0,0,4,0,0,0
"chr11_030099104",3,3,4,4,4,4,4,4,4,4,4,4,4,0,4,4,4,4,2,4,4,4
"chr11_030118595",4,4,4,4,3,4,4,4,4,4,4,4,4,4,4,4,4,4,4,4,4,4
"chr11_030353955",4,4,4,4,4,3,4,4,4,4,3,4,4,4,4,4,4,4,4,1,4,4
"chr11_030686187",3,0,0,2,0,0,1,0,0,0,0,0,0,0,0,0,0,0,0,0,0,0
"chr11_031156782",1,1,1,1,0,0,1,0,0,0,0,0,0,0,0,0,0,0,0,0,0,0
"chr11_031184089",2,2,2,2,4,2,4,0,1,4,2,4,3,0,4,4,3,2,2,2,4,4
"chr11_031184155",1,1,1,1,0,0,0,0,0,0,0,0,0,0,0,0,0,0,0,0,0,0
"chr11_031186836",2,3,4,4,4,4,4,1,4,4,4,4,4,4,4,4,4,2,4,4,4,4
"chr11_031598204",4,2,0,0,0,0,1,1,1,0,0,0,0,0,0,0,0,0,0,0,0,1
"chr11_031598322",4,3,4,3,4,2,4,4,4,4,3,4,4,4,4,4,4,4,3,4,4,4
"chr11_032803069",4,4,4,4,3,4,3,4,4,4,4,4,4,4,4,4,4,4,4,4,4,4
"chr11_033250109",4,0,2,2,4,0,0,4,4,4,4,4,4,4,4,4,4,4,4,1,3,4
"chr11_033374447",4,4,4,4,4,3,4,4,4,4,4,3,3,3,4,4,3,4,3,4,4,4
"chr11_034466841",4,4,4,4,4,4,4,4,4,4,4,4,4,4,4,4,4,3,4,4,4,4
"chr11_034844641",4,4,2,4,0,4,1,2,2,0,2,2,2,0,1,2,2,1,2,0,2,2
"chr11_035249665",4,3,4,4,0,0,0,0,0,0,0,2,0,0,0,0,0,0,0,0,0,0
"chr11_035363225",4,1,1,4,0,0,0,0,0,0,0,1,0,0,0,0,0,0,0,0,0,0
"chr11_035564572",4,4,4,3,4,4,4,4,3,3,4,4,4,4,4,4,4,4,4,4,4,4
"chr11_035842226",4,3,0,2,4,4,4,4,4,4,4,4,4,4,4,4,4,4,4,4,4,4
"chr11_038202595",2,0,0,0,0,0,1,0,0,0,1,1,1,0,0,0,1,1,0,0,0,0
"chr12_000086292",4,4,4,4,1,3,0,2,0,0,1,0,4,4,2,3,0,1,4,1,1,3
"chr12_000086324",2,0,2,2,1,3,0,2,0,0,1,0,3,2,1,2,0,1,1,1,1,2
"chr12_000532598",1,0,1,1,0,0,0,0,0,0,0,0,0,0,0,0,0,0,0,0,0,0
"chr12_000724529",4,1,2,4,3,4,4,4,4,4,4,4,3,4,4,4,4,3,4,4,4,4
"chr12_000899387",2,4,4,2,1,3,3,3,3,4,2,2,2,3,0,3,1,4,2,2,3,0
"chr12_000942009",4,1,2,4,2,3,4,3,2,2,3,4,3,2,1,2,2,3,2,2,1,0
"chr12_001636162",4,2,2,4,4,4,4,4,4,4,4,4,4,4,4,4,4,4,4,3,4,4
"chr12_001898244",2,1,2,0,0,0,0,0,0,0,0,0,0,0,0,0,0,0,0,0,0,0
"chr12_002433391",2,4,1,2,4,4,4,2,3,4,4,4,4,4,4,4,4,4,4,4,4,4
"chr12_002433495",4,4,4,4,2,3,0,2,2,4,3,2,0,2,3,3,1,2,4,1,4,3
"chr12_002886270",2,4,4,0,4,4,4,4,4,4,4,4,4,4,4,4,4,4,4,4,4,4
"chr12_003561039",2,3,0,0,3,3,1,4,2,2,2,2,4,3,3,0,3,3,2,4,2,1
"chr12_003561111",3,2,0,0,0,1,0,1,0,0,3,0,0,0,0,0,0,0,0,1,1,0
"chr12_003562874",1,0,2,4,1,0,0,0,0,0,0,0,4,4,0,0,0,0,0,0,0,0
"chr12_003992977",2,3,4,4,4,3,4,3,4,4,4,3,4,4,3,2,4,2,3,3,4,4
"chr12_004000054",4,4,4,4,2,0,2,0,0,0,0,0,2,0,0,1,0,0,0,2,2,0
"chr12_004616618",3,2,0,3,0,0,0,0,0,0,0,1,0,0,0,0,0,0,1,0,0,0
"chr12_004940707",4,4,4,4,0,0,0,2,0,1,0,2,0,0,2,4,0,3,1,0,1,0
"chr12_005182382",2,4,4,2,4,4,4,4,4,4,4,4,4,4,4,4,4,3,4,4,4,4
"chr12_005182420",4,4,3,4,4,4,4,4,4,4,4,1,2,0,4,4,4,4,2,4,4,4
"chr12_005182440",2,4,4,2,4,4,4,4,4,4,4,4,4,4,4,4,4,3,4,4,4,4
"chr12_005280581",4,4,4,4,4,4,3,3,3,3,4,4,4,4,4,3,4,3,4,3,3,4
"chr12_005300841",2,2,1,2,4,1,3,4,3,3,3,4,3,2,4,4,4,3,3,3,1,2
"chr12_005689470",1,0,3,1,0,3,0,0,0,0,0,1,0,0,0,0,0,0,0,0,0,0
"chr12_006398354",4,2,1,2,4,4,3,2,3,3,2,1,3,2,3,2,1,2,3,2,3,3
"chr12_007006574",1,1,2,4,0,0,0,0,1,0,0,4,0,0,0,0,0,0,0,0,0,0
"chr12_007321172",1,1,0,0,0,0,0,0,0,0,0,0,0,0,0,0,0,0,0,0,0,0
"chr12_007350382",4,4,4,2,1,0,0,3,2,1,0,0,1,0,2,1,1,1,0,0,3,0
"chr12_007350465",4,4,4,2,1,0,0,3,3,1,0,0,1,0,3,1,1,1,0,0,3,0
"chr12_007400557",4,4,4,2,4,4,0,4,2,4,4,3,4,4,4,4,4,4,4,2,4,4
"chr12_007516095",4,2,4,4,0,0,0,1,1,0,0,1,0,0,0,0,0,0,0,0,0,1
"chr12_008322316",2,1,4,2,3,4,4,4,4,4,4,3,4,4,4,3,3,1,4,3,2,3
"chr12_008647472",4,4,3,4,4,4,4,4,4,4,4,3,4,4,4,4,4,4,4,4,4,4
"chr12_008662204",4,3,1,4,0,0,0,0,1,1,0,0,0,0,0,0,0,0,0,1,0,0
"chr12_008662304",4,4,1,4,3,4,3,4,4,4,4,4,3,4,4,3,4,3,4,2,2,3
"chr12_009086897",4,4,3,4,4,4,4,4,3,4,4,4,4,4,4,4,4,4,4,4,4,4
"chr12_009215719",2,2,4,0,4,4,4,4,4,4,4,4,4,4,4,4,4,4,4,4,4,4
"chr12_009360514",2,3,4,0,2,4,3,2,3,1,3,2,4,1,4,4,4,3,2,4,4,4
"chr12_009735079",4,4,4,4,0,0,1,0,0,0,2,2,1,1,1,3,0,0,0,0,0,2
"chr12_009918826",4,3,0,4,0,0,4,2,2,2,4,3,4,4,1,3,4,3,3,1,4,2
"chr12_010462305",4,4,4,4,1,2,3,2,2,3,0,4,1,2,2,2,0,3,3,2,0,3
"chr12_010466867",4,4,4,4,4,4,4,4,4,4,4,4,4,4,4,4,3,4,4,4,4,4
"chr12_010466937",4,4,4,2,1,2,3,2,2,3,0,4,1,2,3,2,2,3,3,2,0,3
"chr12_010468794",4,3,2,4,4,4,4,4,4,4,4,4,4,4,4,4,4,4,4,4,4,3
"chr12_012453436",4,4,4,4,2,0,0,0,0,0,0,0,0,0,0,0,0,0,0,0,0,0
"chr12_012453553",4,2,2,4,3,0,0,0,1,1,0,0,0,0,0,1,0,0,2,0,1,3
"chr12_012857810",4,3,3,0,3,2,3,3,0,2,1,1,4,2,1,4,2,2,2,2,3,0
"chr12_012884324",2,0,0,0,1,2,0,0,0,0,0,0,0,0,0,0,0,0,0,1,0,0
"chr12_012976351",4,1,3,4,3,3,4,1,3,2,0,0,0,0,0,0,0,1,0,3,1,3
"chr12_013408890",2,1,2,2,4,3,4,4,4,4,4,4,4,4,4,4,4,4,4,2,0,2
"chr12_013830734",2,3,4,4,4,2,4,4,2,3,4,4,4,4,4,4,4,4,4,3,4,4
"chr12_014231951",4,4,0,4,0,4,0,1,4,1,0,1,0,1,0,1,1,0,0,2,2,1
"chr12_014459770",2,0,2,2,1,0,1,2,2,2,1,0,2,0,1,1,2,1,1,1,0,2
"chr12_014925007",4,2,2,0,1,0,0,0,2,1,0,0,0,0,0,0,0,0,0,0,0,0
"chr12_016182845",4,4,4,4,2,3,4,4,3,3,4,4,4,3,4,4,4,4,4,4,4,4
"chr12_016352374",4,4,4,4,2,4,4,2,2,1,4,3,1,2,4,0,2,2,2,1,0,1
"chr12_017008258",4,4,0,2,4,4,4,4,4,3,4,3,3,1,3,4,4,4,1,4,4,2
"chr12_017680894",4,2,0,2,4,3,2,0,1,2,1,2,2,0,0,2,3,0,0,2,2,0
"chr12_018351073",2,0,4,0,1,1,2,0,1,0,2,0,0,0,1,2,2,0,0,0,2,0
"chr12_018351205",2,2,0,0,0,0,0,0,0,0,0,2,0,0,0,1,0,0,0,2,0,2
"chr12_018392411",4,3,3,0,2,0,0,0,2,1,0,3,0,2,2,0,1,0,1,3,1,0
"chr12_018816298",4,4,0,2,2,3,2,1,2,4,3,4,4,3,2,4,2,2,2,4,4,2
"chr12_019103154",4,4,4,4,4,4,4,4,4,4,4,4,4,4,4,4,3,4,4,4,4,4
"chr12_019189268",4,3,4,0,4,4,4,2,4,3,4,4,3,4,3,4,2,4,4,4,4,4
"chr12_019703038",4,4,4,4,0,2,4,3,2,0,0,0,1,2,0,2,0,0,0,2,0,1
"chr12_019918407",4,4,2,4,0,0,3,4,4,4,0,2,4,3,0,2,4,3,2,4,2,3
"chr12_020641339",4,1,4,0,4,4,4,4,4,4,4,3,4,4,4,4,4,4,4,4,4,3
"chr12_023658038",4,3,4,2,4,4,4,4,4,4,4,2,3,4,4,4,4,4,4,4,4,2
"chr12_024595101",4,4,2,4,4,4,4,3,4,4,4,2,4,4,4,3,4,4,4,4,4,4
"chr12_025050914",2,0,2,2,0,0,0,0,0,0,0,1,0,0,0,0,0,0,0,0,0,2
"chr12_025476054",2,1,0,2,0,0,0,0,0,0,0,0,0,0,1,0,1,1,1,0,0,0
"chr12_025903129",3,4,3,4,4,4,4,3,4,4,4,4,4,4,4,4,4,4,4,4,4,4
"chr12_027445751",3,4,3,4,3,4,2,4,4,3,3,4,4,4,3,4,2,3,4,4,4,4
"chr12_027516346",1,2,1,0,0,0,0,0,0,0,0,0,0,0,0,0,0,0,0,0,0,0
"chr12_027516441",2,4,4,4,3,4,4,4,4,4,4,4,4,4,4,4,4,4,4,4,4,4
"chr12_028246588",4,1,4,4,4,4,4,2,2,3,4,4,3,4,4,4,3,4,4,4,4,4
"chr12_028286476",2,0,0,0,4,4,4,1,3,2,3,4,2,3,2,3,0,3,4,4,3,4
"chr12_028378398",2,0,4,0,1,0,0,0,0,0,0,0,0,0,0,0,0,0,0,0,0,0
"chr12_028742797",4,4,4,4,4,4,4,3,4,4,4,4,4,4,4,4,4,4,4,4,4,4
"chr12_029502119",4,4,0,2,3,4,3,4,4,3,3,4,4,4,3,4,2,3,4,4,4,4
"chr12_029585555",2,2,0,0,0,0,0,0,0,0,1,0,0,1,1,0,0,0,0,0,0,2
"chr12_029909573",2,3,4,0,2,4,1,3,2,2,0,1,4,3,0,1,1,0,2,3,2,1
"chr12_030506427",4,1,0,2,1,4,4,4,4,3,3,3,4,3,3,4,2,3,4,4,4,4
"chr12_030817778",4,4,4,4,1,1,0,0,2,2,1,0,3,0,0,0,0,0,0,0,0,0
"chr12_032163979",4,4,4,2,4,4,4,4,4,4,4,4,4,4,4,4,4,4,4,4,4,4
"chr12_032835664",2,2,3,2,0,0,0,0,0,0,2,0,0,0,1,1,1,1,1,0,0,0
"chr12_032835701",4,4,4,4,4,4,4,4,4,4,4,4,4,4,4,4,4,4,3,4,4,4
"chr12_033120361",2,4,4,4,4,4,4,4,4,3,4,4,4,4,4,4,4,4,4,4,4,4
"chr12_033326758",4,2,4,2,1,0,0,0,0,1,1,1,1,0,1,1,3,0,0,2,1,1
"chr12_033671322",4,2,4,4,4,4,4,4,0,4,4,4,4,4,4,4,4,4,4,4,4,4
"chr12_033783317",1,1,4,1,0,1,0,0,0,1,0,0,0,0,0,0,0,0,0,0,0,0
"chr12_033828061",4,3,4,2,4,4,4,3,4,4,4,1,4,4,4,3,4,4,4,4,4,4
"chr12_033951913",4,4,4,2,4,4,4,3,4,4,4,2,3,4,4,3,4,3,4,4,4,4
"chr12_034372584",2,3,4,2,0,2,2,1,3,2,1,2,1,3,2,2,0,2,3,4,2,1
"chr12_034591465",4,4,2,2,0,1,3,2,4,4,3,4,3,0,4,4,4,2,3,4,4,4
"chr12_034948486",4,4,4,4,1,2,2,3,3,2,2,3,3,3,2,1,4,4,4,3,2,0
"chr12_035208831",4,4,4,2,0,1,0,1,4,0,2,3,1,0,0,1,1,1,1,0,2,1
"chr12_036090205",4,2,4,4,4,4,4,4,4,4,4,4,4,4,4,4,4,4,4,4,4,4
"chr12_036437314",1,2,0,1,0,0,0,0,0,0,0,0,1,0,0,0,0,0,1,0,0,0
"chr12_037074339",2,0,0,0,2,0,0,0,0,0,0,0,1,0,0,0,0,0,0,1,0,1
"chr12_037456072",4,4,2,4,4,3,4,3,4,3,3,4,4,3,4,4,3,3,3,4,4,4
"chr12_037599013",4,4,2,4,1,0,1,0,2,1,1,1,0,2,1,1,0,1,0,2,1,1
"chr12_037919575",2,0,0,0,0,0,0,0,0,0,0,0,0,1,0,1,0,0,0,3,0,1
"chr12_038101961",4,3,4,4,4,4,4,3,4,4,4,4,4,4,4,4,4,4,4,4,4,4
"chr12_038559171",4,4,3,4,4,3,4,3,4,4,3,4,4,3,4,3,4,4,4,3,4,3
"chr12_038910669",2,1,2,0,3,4,4,4,2,3,4,3,4,2,4,4,4,3,4,3,4,3
"chr12_039260963",4,4,4,4,4,4,4,4,4,4,4,3,4,4,4,4,4,4,4,4,4,4
"chr12_039379239",2,3,4,2,2,4,4,4,2,2,4,4,4,4,4,4,4,4,4,4,4,4
"chr12_039606323",2,2,0,0,4,0,0,0,2,2,0,0,0,0,2,2,1,0,0,1,0,0
"chr12_040288016",2,4,4,4,4,3,2,4,3,4,4,3,2,3,3,3,4,3,4,2,4,3
"chr12_040618883",4,4,4,4,2,2,1,2,2,1,2,1,3,3,4,3,3,1,2,2,1,1
"chr12_040760045",4,4,2,4,3,4,4,4,3,2,4,4,4,4,4,4,4,4,4,4,4,4
