SNP,PIC
chr01_000175030,0.220104254
chr01_000175165,0.253261389
chr01_001273044,0.063688837
chr01_001465651,0.368592447
chr01_001831908,0.318011065
chr01_001974844,0.324037024
chr01_002304148,0.083011748
chr01_002446068,0.220104254
chr01_002701030,0.358886719
chr01_002701177,0.361753274
chr01_002749173,0.083011748
chr01_002977274,0.043434853
chr01_002977411,0.02221658
chr01_003092865,0.135714207
chr01_004138065,0.02221658
chr01_004186267,0.207798306
chr01_004186329,0.352224136
chr01_005647196,0.355713408
chr01_005908969,0.207798306
chr01_006014664,0.151628987
chr01_006128452,0.02221658
chr01_006165162,0.263138904
chr01_006426192,0.37175085
chr01_006630067,0.02221658
chr01_006773129,0.02221658
chr01_007386534,0.231767276
chr01_007643666,0.118993217
chr01_008013059,0.3046875
chr01_008028758,0.311566693
chr01_008260218,0.263138904
chr01_008260320,0.181155979
chr01_008390536,0.083011748
chr01_008514882,0.194824219
chr01_009056051,0.181155979
chr01_009121550,0.02221658
chr01_009121636,0.166766773
chr01_009212668,0.220104254
chr01_009212708,0.344256891
chr01_009234526,0.166766773
chr01_009556567,0.063688837
chr01_009556596,0.181155979
chr01_009564291,0.339756506
chr01_009564360,0.334895338
chr01_009906648,0.207798306
chr01_011095491,0.364321478
chr01_011638343,0.118993217
chr01_012301670,0.194824219
chr01_012381458,0.370308018
chr01_012697575,0.348408899
chr01_014024643,0.02221658
chr01_014317369,0.135714207
chr01_015161370,0.27246634
chr01_015260368,0.166766773
chr01_015534097,0.02221658
chr01_016169213,0.181155979
chr01_016174641,0.02221658
chr01_016174797,0.02221658
chr01_017196294,0.373835109
chr01_017196397,0.368592447
chr01_017481133,0.063688837
chr01_017687057,0.311566693
chr01_018734158,0.281264908
chr01_019297521,0.3046875
chr01_019440627,0.372925347
chr01_020084630,0.207798306
chr01_021147142,0.135714207
chr01_021509091,0.281264908
chr01_022318457,0.370308018
chr01_022318519,0.231767276
chr01_022460583,0.364321478
chr01_022674801,0.364321478
chr01_022792171,0.358886719
chr01_023128018,0.166766773
chr01_023358064,0.289555017
chr01_023358151,0.063688837
chr01_023604552,0.311566693
chr01_023640059,0.02221658
chr01_023640129,0.242811784
chr01_023651321,0.344256891
chr01_023651350,0.043434853
chr01_023761878,0.375
chr01_023798068,0.118993217
chr01_023800643,0.166766773
chr01_023800778,0.151628987
chr01_024464273,0.289555017
chr01_025103462,0.297356278
chr01_025472146,0.043434853
chr01_026246387,0.083011748
chr01_026475375,0.370308018
chr01_026475584,0.348408899
chr01_026491587,0.242811784
chr01_026549199,0.329660179
chr01_027031610,0.063688837
chr01_028014577,0.063688837
chr01_028062583,0.194824219
chr01_028062629,0.355713408
chr01_028912435,0.3046875
chr01_029184283,0.166766773
chr01_029556091,0.083011748
chr01_029558344,0.02221658
chr01_029877717,0.370308018
chr01_030316071,0.101436002
chr01_030742341,0.263138904
chr01_030742405,0.27246634
chr01_030742444,0.220104254
chr01_031162161,0.02221658
chr01_031352977,0.02221658
chr01_031700541,0.118993217
chr01_031794634,0.02221658
chr01_032392319,0.311566693
chr01_032392390,0.289555017
chr01_032392487,0.02221658
chr01_033606040,0.194824219
chr01_033767903,0.063688837
chr01_034619411,0.043434853
chr01_034832858,0.253261389
chr01_035403686,0.135714207
chr01_035653398,0.281264908
chr01_035653510,0.063688837
chr01_035653573,0.311566693
chr01_035832998,0.151628987
chr01_035833075,0.02221658
chr01_036723205,0.02221658
chr01_036925504,0.101436002
chr01_036939785,0.166766773
chr01_036941014,0.289555017
chr01_037753942,0.02221658
chr01_037756444,0.318011065
chr01_037876277,0.344256891
chr01_039082143,0.358886719
chr01_039082182,0.348408899
chr01_039120985,0.253261389
chr01_039308781,0.242811784
chr01_040079858,0.151628987
chr01_040303398,0.02221658
chr01_040341049,0.370308018
chr01_040348300,0.37175085
chr01_040725824,0.151628987
chr01_040725903,0.334895338
chr01_040791087,0.27246634
chr01_040791267,0.02221658
chr01_041360992,0.297356278
chr01_041564970,0.101436002
chr01_041635548,0.358886719
chr01_041658451,0.370308018
chr01_042546361,0.289555017
chr01_043321344,0.27246634
chr01_043895404,0.364321478
chr01_044261400,0.135714207
chr01_045320095,0.151628987
chr01_046041731,0.352224136
chr01_046505152,0.372925347
chr01_046505272,0.151628987
chr01_046507151,0.151628987
chr01_046890114,0.231767276
chr01_046952789,0.37175085
chr01_046952882,0.02221658
chr01_047185671,0.281264908
chr01_047188043,0.311566693
chr01_047733281,0.220104254
chr01_047974958,0.02221658
chr01_047981156,0.043434853
chr01_048463286,0.043434853
chr01_048995696,0.02221658
chr02_000342231,0.207798306
chr02_000411350,0.231767276
chr02_001457361,0.253261389
chr02_001457415,0.151628987
chr02_002114419,0.083011748
chr02_002124059,0.083011748
chr02_002361795,0.297356278
chr02_002765594,0.083011748
chr02_003090428,0.02221658
chr02_003262682,0.318011065
chr02_003374238,0.02221658
chr02_004938348,0.166766773
chr02_004998040,0.101436002
chr02_005031306,0.329660179
chr02_005078769,0.207798306
chr02_005083121,0.339756506
chr02_005333201,0.063688837
chr02_005799327,0.366598934
chr02_005799465,0.370308018
chr02_005799490,0.02221658
chr02_005955744,0.352224136
chr02_005961316,0.118993217
chr02_006320758,0.151628987
chr02_006322991,0.334895338
chr02_006882335,0.043434853
chr02_007188123,0.3046875
chr02_007636084,0.372925347
chr02_008073933,0.166766773
chr02_008341392,0.231767276
chr02_008410309,0.166766773
chr02_008458332,0.181155979
chr02_008699099,0.334895338
chr02_008778693,0.135714207
chr02_008835784,0.329660179
chr02_008835842,0.101436002
chr02_008855143,0.289555017
chr02_009166445,0.118993217
chr02_009551395,0.101436002
chr02_010178207,0.311566693
chr02_010589428,0.043434853
chr02_010589532,0.297356278
chr02_010927625,0.083011748
chr02_011263944,0.101436002
chr02_011323538,0.166766773
chr02_011409656,0.263138904
chr02_011602187,0.151628987
chr02_011741882,0.101436002
chr02_011750556,0.181155979
chr02_013727826,0.166766773
chr02_013769419,0.281264908
chr02_014716150,0.118993217
chr02_015007978,0.063688837
chr02_015096663,0.02221658
chr02_015414824,0.263138904
chr02_016369950,0.135714207
chr02_016562161,0.02221658
chr02_018887712,0.02221658
chr02_021038289,0.02221658
chr02_021038347,0.194824219
chr02_021167457,0.063688837
chr02_021441855,0.297356278
chr02_022058065,0.135714207
chr02_023441529,0.151628987
chr02_023916119,0.063688837
chr02_024076170,0.135714207
chr02_024425393,0.02221658
chr02_024888319,0.043434853
chr02_025844269,0.348408899
chr02_026202722,0.101436002
chr02_026753556,0.181155979
chr02_027020941,0.194824219
chr02_027382144,0.083011748
chr02_028271554,0.043434853
chr02_029437919,0.297356278
chr02_029693120,0.043434853
chr02_029807791,0.253261389
chr02_029821059,0.043434853
chr02_030832430,0.242811784
chr02_030966117,0.043434853
chr02_031848846,0.352224136
chr02_032251451,0.297356278
chr02_032894268,0.118993217
chr02_032894325,0.135714207
chr02_033791944,0.329660179
chr02_033903550,0.181155979
chr02_033931247,0.289555017
chr02_034048173,0.166766773
chr02_034214976,0.361753274
chr02_034662499,0.083011748
chr02_034961557,0.289555017
chr02_034961740,0.311566693
chr02_035003827,0.3046875
chr02_035003851,0.135714207
chr02_035185310,0.043434853
chr02_035504039,0.02221658
chr02_036143226,0.135714207
chr02_036143301,0.242811784
chr02_036582174,0.043434853
chr02_037729930,0.166766773
chr02_038292141,0.043434853
chr02_039073674,0.101436002
chr03_000059682,0.364321478
chr03_000826444,0.101436002
chr03_001346486,0.3046875
chr03_001528328,0.339756506
chr03_001632089,0.043434853
chr03_001960943,0.151628987
chr03_002448239,0.231767276
chr03_003415470,0.253261389
chr03_003440421,0.372925347
chr03_003444121,0.324037024
chr03_003977446,0.194824219
chr03_004293528,0.263138904
chr03_004751471,0.118993217
chr03_004751524,0.118993217
chr03_004816697,0.063688837
chr03_004818036,0.207798306
chr03_004822657,0.135714207
chr03_005693184,0.135714207
chr03_005693367,0.368592447
chr03_006591500,0.043434853
chr03_007079961,0.02221658
chr03_007690352,0.135714207
chr03_008002459,0.263138904
chr03_008002516,0.118993217
chr03_008805496,0.242811784
chr03_010131436,0.37175085
chr03_010154368,0.083011748
chr03_010614989,0.02221658
chr03_011013029,0.181155979
chr03_011155236,0.329660179
chr03_011612060,0.181155979
chr03_011934996,0.063688837
chr03_013008327,0.281264908
chr03_013511587,0.297356278
chr03_013919007,0.043434853
chr03_014132286,0.166766773
chr03_014302649,0.181155979
chr03_014476759,0.242811784
chr03_015706835,0.358886719
chr03_016612426,0.364321478
chr03_017192073,0.083011748
chr03_017277730,0.231767276
chr03_018227227,0.02221658
chr03_018730739,0.370308018
chr03_018981987,0.02221658
chr03_019062058,0.207798306
chr03_019590642,0.135714207
chr03_020282880,0.151628987
chr03_020339031,0.366598934
chr03_020984675,0.368592447
chr03_021606826,0.118993217
chr03_022098058,0.242811784
chr03_022852144,0.207798306
chr03_023432708,0.311566693
chr03_023451655,0.318011065
chr03_024235625,0.297356278
chr03_024235760,0.151628987
chr03_024235832,0.311566693
chr03_024310225,0.194824219
chr03_024644041,0.334895338
chr03_025302434,0.043434853
chr03_025592266,0.373835109
chr03_026322717,0.311566693
chr03_026500531,0.043434853
chr03_026852215,0.324037024
chr03_026866013,0.101436002
chr03_027132796,0.355713408
chr03_027449581,0.02221658
chr03_027542326,0.361753274
chr03_028181180,0.324037024
chr03_028294150,0.374870834
chr03_029096387,0.043434853
chr03_029096424,0.043434853
chr03_029096518,0.063688837
chr03_029282349,0.118993217
chr03_029384806,0.27246634
chr03_029581066,0.043434853
chr03_029640731,0.043434853
chr03_030502290,0.361753274
chr03_031096283,0.368592447
chr03_031426486,0.043434853
chr03_031426633,0.02221658
chr03_031887928,0.101436002
chr03_031887982,0.374870834
chr03_031888055,0.355713408
chr03_032155334,0.02221658
chr03_032155434,0.366598934
chr03_032161138,0.372925347
chr03_032346429,0.166766773
chr03_032703445,0.181155979
chr03_032935526,0.348408899
chr03_033702179,0.364321478
chr03_033827450,0.151628987
chr03_033827495,0.194824219
chr03_034448315,0.372925347
chr03_035013866,0.334895338
chr03_035108771,0.281264908
chr03_035523338,0.329660179
chr03_035906951,0.151628987
chr03_035909856,0.263138904
chr03_036236252,0.02221658
chr03_036618909,0.181155979
chr04_000422237,0.181155979
chr04_000629659,0.135714207
chr04_000976297,0.27246634
chr04_001956986,0.043434853
chr04_001957006,0.181155979
chr04_002345551,0.02221658
chr04_002345618,0.329660179
chr04_002471441,0.135714207
chr04_002576971,0.366598934
chr04_002592919,0.043434853
chr04_003075775,0.374482937
chr04_003133075,0.02221658
chr04_003408393,0.373835109
chr04_003408577,0.311566693
chr04_003588119,0.27246634
chr04_003653089,0.364321478
chr04_003682800,0.324037024
chr04_003683243,0.281264908
chr04_003833820,0.02221658
chr04_003934053,0.083011748
chr04_004233955,0.181155979
chr04_004238292,0.118993217
chr04_005480937,0.02221658
chr04_005482022,0.083011748
chr04_005528839,0.063688837
chr04_006515091,0.063688837
chr04_006557529,0.231767276
chr04_006678351,0.151628987
chr04_006700385,0.181155979
chr04_006719136,0.375
chr04_006748165,0.181155979
chr04_006748357,0.355713408
chr04_007550755,0.374870834
chr04_007550836,0.281264908
chr04_008048981,0.231767276
chr04_008367846,0.231767276
chr04_008472669,0.372925347
chr04_008592094,0.063688837
chr04_008894914,0.311566693
chr04_008894970,0.194824219
chr04_008895117,0.352224136
chr04_009366306,0.370308018
chr04_009584740,0.231767276
chr04_009760802,0.207798306
chr04_010262869,0.02221658
chr04_010267155,0.352224136
chr04_011129236,0.043434853
chr04_012140979,0.166766773
chr04_012566505,0.324037024
chr04_012633210,0.166766773
chr04_013350018,0.101436002
chr04_013350194,0.135714207
chr04_013382966,0.063688837
chr04_013456446,0.231767276
chr04_015584655,0.118993217
chr04_016990270,0.181155979
chr04_017098678,0.289555017
chr04_018660390,0.043434853
chr04_018665615,0.043434853
chr04_019397441,0.043434853
chr04_019914195,0.231767276
chr04_020916095,0.118993217
chr04_022358348,0.043434853
chr04_022505399,0.02221658
chr04_023024557,0.231767276
chr04_024191050,0.063688837
chr04_024252554,0.063688837
chr04_024611083,0.02221658
chr04_024996093,0.02221658
chr04_025112157,0.231767276
chr04_025112181,0.207798306
chr04_025274056,0.281264908
chr04_025376659,0.118993217
chr04_025379138,0.281264908
chr04_025821586,0.311566693
chr04_025821709,0.194824219
chr04_025862464,0.289555017
chr04_026375013,0.101436002
chr04_026748307,0.063688837
chr04_026748347,0.02221658
chr04_026902977,0.281264908
chr04_027470101,0.220104254
chr04_027534397,0.063688837
chr04_027755679,0.297356278
chr04_028334542,0.253261389
chr04_028381405,0.063688837
chr04_028779073,0.220104254
chr04_029424843,0.063688837
chr04_029424994,0.374870834
chr04_029611178,0.311566693
chr04_029943956,0.361753274
chr04_030073526,0.27246634
chr04_030541160,0.043434853
chr04_030822144,0.02221658
chr04_031346966,0.063688837
chr04_031546210,0.063688837
chr04_031943082,0.083011748
chr04_032250699,0.3046875
chr04_032250770,0.3046875
chr04_032465807,0.263138904
chr04_032466998,0.231767276
chr04_033320705,0.318011065
chr04_033354334,0.242811784
chr04_033543459,0.02221658
chr04_034392819,0.329660179
chr04_035499346,0.166766773
chr04_035944546,0.311566693
chr04_036321735,0.151628987
chr04_036734071,0.352224136
chr05_000142049,0.118993217
chr05_000142187,0.063688837
chr05_000375385,0.253261389
chr05_000932858,0.207798306
chr05_000932945,0.253261389
chr05_001422004,0.373835109
chr05_001422111,0.361753274
chr05_001424374,0.135714207
chr05_001625255,0.355713408
chr05_002164301,0.297356278
chr05_002164321,0.151628987
chr05_002694477,0.27246634
chr05_002694553,0.231767276
chr05_002699189,0.02221658
chr05_002860471,0.289555017
chr05_003200172,0.231767276
chr05_003311254,0.063688837
chr05_003334150,0.063688837
chr05_003620367,0.373835109
chr05_003704038,0.311566693
chr05_005362947,0.242811784
chr05_005404797,0.063688837
chr05_005404827,0.366598934
chr05_006598078,0.348408899
chr05_006598158,0.375
chr05_006612936,0.352224136
chr05_006613086,0.083011748
chr05_006840110,0.181155979
chr05_007195929,0.361753274
chr05_007564099,0.297356278
chr05_007564251,0.3046875
chr05_008723187,0.372925347
chr05_008723360,0.358886719
chr05_008723385,0.02221658
chr05_009403316,0.063688837
chr05_009794297,0.352224136
chr05_009794400,0.334895338
chr05_009794428,0.242811784
chr05_009816026,0.083011748
chr05_010024641,0.361753274
chr05_010024682,0.135714207
chr05_010947758,0.242811784
chr05_011027457,0.063688837
chr05_011759994,0.135714207
chr05_012182477,0.366598934
chr05_012706974,0.253261389
chr05_012707007,0.370308018
chr05_014456106,0.02221658
chr05_015381202,0.231767276
chr05_017066492,0.253261389
chr05_017092581,0.166766773
chr05_019320437,0.181155979
chr05_020012129,0.063688837
chr05_021466997,0.043434853
chr05_021649494,0.220104254
chr05_021649641,0.27246634
chr05_022614172,0.242811784
chr05_022990985,0.101436002
chr05_023753596,0.02221658
chr05_024093647,0.370308018
chr05_024095355,0.101436002
chr05_024152160,0.3046875
chr05_024154343,0.166766773
chr05_024746401,0.151628987
chr05_024776288,0.043434853
chr05_024776317,0.063688837
chr05_024790533,0.281264908
chr05_025502129,0.043434853
chr05_026015688,0.063688837
chr05_026052101,0.083011748
chr05_026052220,0.231767276
chr05_026052303,0.242811784
chr05_026126432,0.3046875
chr05_026571850,0.118993217
chr05_026586947,0.231767276
chr05_027466108,0.311566693
chr05_027473429,0.135714207
chr05_027894180,0.361753274
chr05_028399461,0.207798306
chr05_028807067,0.063688837
chr05_029327001,0.220104254
chr05_029951087,0.348408899
chr05_030200929,0.372925347
chr05_030201038,0.207798306
chr05_030201104,0.297356278
chr05_030205493,0.281264908
chr05_030205620,0.358886719
chr05_030351362,0.3046875
chr05_030351513,0.324037024
chr05_030496551,0.311566693
chr05_030496574,0.352224136
chr05_030496749,0.101436002
chr05_030879566,0.166766773
chr05_030905635,0.344256891
chr05_030920699,0.263138904
chr05_030983784,0.151628987
chr05_032131430,0.263138904
chr06_000197825,0.101436002
chr06_000197937,0.329660179
chr06_000261901,0.043434853
chr06_000770717,0.063688837
chr06_000796191,0.043434853
chr06_000926253,0.063688837
chr06_001251920,0.083011748
chr06_001448143,0.253261389
chr06_001448212,0.101436002
chr06_001594538,0.339756506
chr06_002482038,0.366598934
chr06_002886330,0.348408899
chr06_003325915,0.220104254
chr06_003473732,0.02221658
chr06_003614925,0.181155979
chr06_004094679,0.231767276
chr06_004226496,0.366598934
chr06_004356702,0.366598934
chr06_004364177,0.231767276
chr06_004609418,0.063688837
chr06_004720381,0.220104254
chr06_004965663,0.207798306
chr06_006037095,0.063688837
chr06_006181707,0.289555017
chr06_006390622,0.181155979
chr06_006625071,0.368592447
chr06_007430546,0.355713408
chr06_008800070,0.118993217
chr06_008800103,0.181155979
chr06_009780406,0.135714207
chr06_010144506,0.311566693
chr06_010632680,0.361753274
chr06_011048637,0.207798306
chr06_011305979,0.220104254
chr06_011306037,0.207798306
chr06_012510129,0.263138904
chr06_012628617,0.063688837
chr06_012837292,0.242811784
chr06_013934005,0.194824219
chr06_014435074,0.289555017
chr06_015367890,0.02221658
chr06_015976994,0.361753274
chr06_016124158,0.370308018
chr06_016487405,0.151628987
chr06_016952367,0.242811784
chr06_017612111,0.355713408
chr06_018068021,0.253261389
chr06_019152772,0.207798306
chr06_019677446,0.194824219
chr06_020864310,0.220104254
chr06_022324217,0.02221658
chr06_022712475,0.101436002
chr06_023154622,0.194824219
chr06_024490439,0.370308018
chr06_024699373,0.063688837
chr06_025184617,0.02221658
chr06_025571656,0.166766773
chr06_026439248,0.334895338
chr06_026641161,0.02221658
chr06_026746365,0.375
chr06_026746431,0.101436002
chr06_027605647,0.329660179
chr06_028048998,0.3046875
chr06_028340948,0.02221658
chr06_029856646,0.289555017
chr06_030365142,0.083011748
chr06_030365248,0.063688837
chr06_031044135,0.101436002
chr06_031704367,0.043434853
chr06_032013974,0.166766773
chr06_032422241,0.253261389
chr06_032430270,0.083011748
chr06_033423108,0.101436002
chr06_033839632,0.02221658
chr06_033839673,0.083011748
chr06_034413312,0.220104254
chr06_034503772,0.043434853
chr06_034606099,0.207798306
chr06_034643731,0.151628987
chr06_034763290,0.043434853
chr06_034766145,0.02221658
chr06_035060429,0.207798306
chr06_035200046,0.364321478
chr06_035518356,0.135714207
chr06_036508915,0.355713408
chr06_036724266,0.02221658
chr06_036779706,0.348408899
chr06_037116119,0.281264908
chr06_037346972,0.263138904
chr06_037347029,0.318011065
chr06_037610244,0.02221658
chr06_037720941,0.118993217
chr06_037870062,0.083011748
chr06_037870083,0.063688837
chr06_037870200,0.063688837
chr06_038027474,0.3046875
chr06_038338641,0.253261389
chr06_039380698,0.374482937
chr06_039543187,0.355713408
chr06_040284475,0.101436002
chr07_000387248,0.3046875
chr07_000730085,0.374870834
chr07_000800794,0.361753274
chr07_000982994,0.083011748
chr07_001366516,0.207798306
chr07_001366597,0.355713408
chr07_001413687,0.151628987
chr07_001466226,0.27246634
chr07_001562431,0.135714207
chr07_001733994,0.297356278
chr07_002306855,0.063688837
chr07_002436899,0.231767276
chr07_002440250,0.281264908
chr07_002467080,0.181155979
chr07_002476957,0.231767276
chr07_002897486,0.358886719
chr07_002897512,0.02221658
chr07_002897585,0.348408899
chr07_002897639,0.355713408
chr07_003169496,0.151628987
chr07_003169613,0.352224136
chr07_003200721,0.318011065
chr07_003241755,0.334895338
chr07_004249521,0.366598934
chr07_004374004,0.101436002
chr07_004374035,0.166766773
chr07_004597753,0.358886719
chr07_004607244,0.348408899
chr07_004686735,0.373835109
chr07_005218969,0.194824219
chr07_005445330,0.3046875
chr07_005460491,0.063688837
chr07_006240282,0.334895338
chr07_006404170,0.043434853
chr07_006526479,0.289555017
chr07_006565088,0.352224136
chr07_006694012,0.207798306
chr07_007183441,0.375
chr07_007356859,0.324037024
chr07_007384635,0.339756506
chr07_007384695,0.37175085
chr07_007384761,0.352224136
chr07_007486500,0.063688837
chr07_007623282,0.063688837
chr07_007640327,0.063688837
chr07_008578559,0.194824219
chr07_008690080,0.02221658
chr07_008857674,0.263138904
chr07_009901825,0.135714207
chr07_010000593,0.063688837
chr07_010243734,0.375
chr07_010243856,0.207798306
chr07_010251972,0.344256891
chr07_010550854,0.02221658
chr07_011395990,0.3046875
chr07_011855183,0.253261389
chr07_012059444,0.101436002
chr07_013222833,0.063688837
chr07_014926338,0.207798306
chr07_015408409,0.339756506
chr07_015748250,0.220104254
chr07_017620862,0.02221658
chr07_017980443,0.37175085
chr07_017980539,0.374482937
chr07_019920238,0.02221658
chr07_021311883,0.02221658
chr07_021484053,0.02221658
chr07_023352019,0.135714207
chr07_024404078,0.289555017
chr07_025125700,0.02221658
chr07_025394553,0.324037024
chr07_025656406,0.3046875
chr07_026520094,0.318011065
chr07_026691936,0.352224136
chr07_027336769,0.289555017
chr07_027497184,0.207798306
chr07_028579494,0.083011748
chr07_028579536,0.344256891
chr07_029732534,0.37175085
chr07_030208428,0.166766773
chr07_030208499,0.329660179
chr07_030709057,0.181155979
chr07_030908006,0.194824219
chr07_030940119,0.083011748
chr07_030986470,0.043434853
chr07_031000688,0.118993217
chr07_031210853,0.231767276
chr07_031210918,0.3046875
chr07_032412596,0.083011748
chr07_032412780,0.355713408
chr07_032504539,0.02221658
chr07_032818622,0.344256891
chr07_033262163,0.361753274
chr07_033615582,0.344256891
chr07_033891275,0.02221658
chr07_034118789,0.253261389
chr07_034372246,0.352224136
chr07_034699659,0.281264908
chr07_035510240,0.375
chr07_035558168,0.166766773
chr07_035574432,0.135714207
chr07_036005478,0.135714207
chr07_036757574,0.231767276
chr07_036802989,0.361753274
chr07_036803076,0.355713408
chr07_036803147,0.318011065
chr08_000558012,0.207798306
chr08_000576870,0.101436002
chr08_000599165,0.151628987
chr08_000988766,0.220104254
chr08_001021444,0.02221658
chr08_001200130,0.135714207
chr08_001200286,0.166766773
chr08_001398400,0.02221658
chr08_001666831,0.166766773
chr08_001691699,0.043434853
chr08_001691795,0.311566693
chr08_002634187,0.352224136
chr08_003123919,0.253261389
chr08_003357477,0.318011065
chr08_004011195,0.242811784
chr08_004252668,0.101436002
chr08_004340641,0.355713408
chr08_004645864,0.329660179
chr08_005076307,0.361753274
chr08_005737714,0.151628987
chr08_005740029,0.135714207
chr08_005814532,0.339756506
chr08_005995066,0.063688837
chr08_006262238,0.281264908
chr08_007528802,0.339756506
chr08_007537534,0.318011065
chr08_007537634,0.02221658
chr08_007590062,0.063688837
chr08_007590132,0.101436002
chr08_008139103,0.253261389
chr08_008398870,0.220104254
chr08_009509177,0.063688837
chr08_009867283,0.02221658
chr08_010323678,0.118993217
chr08_010893081,0.281264908
chr08_011249543,0.289555017
chr08_011595403,0.151628987
chr08_012186630,0.118993217
chr08_012936708,0.361753274
chr08_013745032,0.101436002
chr08_014844239,0.135714207
chr08_015368308,0.118993217
chr08_015679890,0.043434853
chr08_015984026,0.194824219
chr08_016052258,0.02221658
chr08_016725909,0.352224136
chr08_016726046,0.373835109
chr08_016808964,0.368592447
chr08_016809028,0.361753274
chr08_016898445,0.27246634
chr08_018567482,0.063688837
chr08_018698221,0.311566693
chr08_019505311,0.083011748
chr08_019878397,0.043434853
chr08_020044888,0.318011065
chr08_020121482,0.043434853
chr08_021394203,0.194824219
chr08_021529428,0.043434853
chr08_022457019,0.181155979
chr08_023888013,0.101436002
chr08_024254060,0.063688837
chr08_024630092,0.135714207
chr08_025318618,0.366598934
chr08_025551412,0.324037024
chr08_025806044,0.101436002
chr08_025952205,0.063688837
chr08_025968774,0.231767276
chr08_026271676,0.083011748
chr08_027288352,0.220104254
chr08_027762839,0.263138904
chr08_028630222,0.118993217
chr08_028879044,0.253261389
chr08_028879187,0.02221658
chr08_028883531,0.373835109
chr08_028934686,0.194824219
chr08_029216372,0.083011748
chr08_029651045,0.334895338
chr08_029682945,0.02221658
chr08_029907732,0.063688837
chr08_029907825,0.101436002
chr08_030147442,0.372925347
chr08_030147563,0.318011065
chr08_030147608,0.375
chr08_030727592,0.02221658
chr08_031195104,0.374482937
chr08_031195172,0.220104254
chr08_031693731,0.135714207
chr08_032276132,0.063688837
chr08_032412254,0.083011748
chr08_032594481,0.373835109
chr08_032954217,0.281264908
chr08_033897032,0.151628987
chr08_034182837,0.361753274
chr08_035100292,0.151628987
chr08_035524254,0.281264908
chr08_036058149,0.355713408
chr08_036988583,0.101436002
chr08_037587232,0.27246634
chr08_038253128,0.344256891
chr09_000048678,0.231767276
chr09_000183150,0.043434853
chr09_000634275,0.263138904
chr09_000842502,0.220104254
chr09_000847000,0.181155979
chr09_001154255,0.370308018
chr09_001255701,0.118993217
chr09_001614530,0.063688837
chr09_001656724,0.083011748
chr09_001959697,0.242811784
chr09_002086981,0.374482937
chr09_002466159,0.297356278
chr09_003105313,0.043434853
chr09_003166968,0.043434853
chr09_003167092,0.063688837
chr09_003568833,0.02221658
chr09_003753059,0.220104254
chr09_004383774,0.043434853
chr09_004538831,0.135714207
chr09_004538943,0.374870834
chr09_004543045,0.297356278
chr09_004559741,0.02221658
chr09_004567530,0.253261389
chr09_004764326,0.02221658
chr09_004796578,0.242811784
chr09_004839568,0.135714207
chr09_005052200,0.334895338
chr09_005255972,0.253261389
chr09_005256021,0.37175085
chr09_005386027,0.289555017
chr09_005699438,0.135714207
chr09_005837549,0.3046875
chr09_005870828,0.02221658
chr09_005922345,0.263138904
chr09_006186296,0.324037024
chr09_006758817,0.181155979
chr09_006888740,0.324037024
chr09_007221967,0.289555017
chr09_007546186,0.339756506
chr09_007546211,0.083011748
chr09_007546345,0.339756506
chr09_007546380,0.374870834
chr09_007870653,0.101436002
chr09_007900801,0.27246634
chr09_008028982,0.339756506
chr09_008029033,0.02221658
chr09_009220033,0.207798306
chr09_009569899,0.101436002
chr09_009911605,0.101436002
chr09_010280763,0.289555017
chr09_011595275,0.355713408
chr09_011595306,0.02221658
chr09_011600953,0.02221658
chr09_012085903,0.166766773
chr09_012450834,0.151628987
chr09_012450858,0.374482937
chr09_012838118,0.02221658
chr09_013287810,0.297356278
chr09_013912834,0.063688837
chr09_013989349,0.083011748
chr09_015446061,0.37175085
chr09_015561838,0.344256891
chr09_015684094,0.220104254
chr09_015760060,0.311566693
chr09_016313500,0.344256891
chr09_016568848,0.118993217
chr09_016621900,0.151628987
chr09_017375576,0.043434853
chr09_018057630,0.101436002
chr09_018123572,0.063688837
chr09_018404852,0.02221658
chr09_018662170,0.355713408
chr09_019460212,0.263138904
chr09_019553871,0.37175085
chr09_020668505,0.043434853
chr09_020840218,0.063688837
chr09_021150588,0.207798306
chr09_022115182,0.063688837
chr09_022115236,0.101436002
chr09_022115385,0.318011065
chr09_022396793,0.063688837
chr09_024139588,0.374870834
chr09_024202030,0.352224136
chr09_024917006,0.37175085
chr09_026933339,0.101436002
chr09_027669708,0.02221658
chr09_027669727,0.374482937
chr09_030670391,0.181155979
chr09_030926935,0.135714207
chr09_031324348,0.253261389
chr09_032095706,0.101436002
chr09_032787098,0.220104254
chr09_033026689,0.02221658
chr09_033470547,0.181155979
chr09_034241401,0.043434853
chr09_036266430,0.063688837
chr09_037352830,0.118993217
chr09_037764635,0.043434853
chr09_038023246,0.043434853
chr09_038322347,0.181155979
chr09_038342017,0.297356278
chr09_038656205,0.166766773
chr09_039352042,0.166766773
chr09_039827612,0.344256891
chr09_040344348,0.231767276
chr09_041407931,0.344256891
chr10_000425350,0.281264908
chr10_000456652,0.02221658
chr10_000467634,0.318011065
chr10_000479726,0.318011065
chr10_000756838,0.135714207
chr10_000897856,0.3046875
chr10_001157266,0.043434853
chr10_001230688,0.118993217
chr10_001230786,0.194824219
chr10_001593524,0.02221658
chr10_001858789,0.118993217
chr10_002696535,0.118993217
chr10_002704663,0.118993217
chr10_002962379,0.311566693
chr10_005286345,0.207798306
chr10_005286424,0.043434853
chr10_005426137,0.297356278
chr10_005649036,0.37175085
chr10_006373521,0.151628987
chr10_006373675,0.166766773
chr10_007058453,0.166766773
chr10_008185294,0.355713408
chr10_008327351,0.329660179
chr10_008787429,0.181155979
chr10_008870954,0.311566693
chr10_009217439,0.063688837
chr10_009516205,0.118993217
chr10_010039517,0.063688837
chr10_010376102,0.043434853
chr10_011358315,0.083011748
chr10_011870031,0.083011748
chr10_012810076,0.368592447
chr10_013574087,0.063688837
chr10_013765668,0.220104254
chr10_013933412,0.231767276
chr10_013934850,0.194824219
chr10_014218036,0.043434853
chr10_015412679,0.043434853
chr10_017349759,0.063688837
chr10_017370317,0.311566693
chr10_018120143,0.27246634
chr10_018496269,0.063688837
chr10_018661703,0.3046875
chr10_018999040,0.231767276
chr10_019344990,0.3046875
chr10_020404264,0.101436002
chr10_021743091,0.02221658
chr10_021906923,0.253261389
chr10_021964121,0.263138904
chr10_022452773,0.361753274
chr10_023343702,0.135714207
chr10_023343822,0.329660179
chr10_023537683,0.324037024
chr10_023761524,0.181155979
chr10_024056758,0.135714207
chr10_024253083,0.281264908
chr10_024553053,0.063688837
chr10_024714277,0.289555017
chr10_025354512,0.02221658
chr10_025625703,0.297356278
chr10_026028634,0.063688837
chr10_026028789,0.063688837
chr10_026181479,0.043434853
chr10_026181534,0.043434853
chr10_027355952,0.083011748
chr10_027574002,0.364321478
chr10_027702472,0.231767276
chr10_027702558,0.151628987
chr10_027804714,0.334895338
chr10_028362295,0.043434853
chr10_028500702,0.02221658
chr10_029185668,0.151628987
chr10_029800861,0.334895338
chr10_030235626,0.083011748
chr10_030554214,0.02221658
chr10_030554312,0.334895338
chr10_030886054,0.135714207
chr10_031935278,0.151628987
chr10_032242021,0.339756506
chr10_032372959,0.373835109
chr10_032911582,0.083011748
chr10_032911645,0.194824219
chr10_033340913,0.063688837
chr11_000338729,0.207798306
chr11_000557544,0.063688837
chr11_000557604,0.063688837
chr11_000558183,0.135714207
chr11_000821597,0.368592447
chr11_000821633,0.361753274
chr11_000924552,0.27246634
chr11_000943158,0.02221658
chr11_001922267,0.242811784
chr11_003949514,0.135714207
chr11_004198804,0.02221658
chr11_005546243,0.329660179
chr11_006081812,0.101436002
chr11_006194095,0.166766773
chr11_007076598,0.135714207
chr11_007201789,0.329660179
chr11_007758644,0.118993217
chr11_007843845,0.135714207
chr11_007913320,0.27246634
chr11_007913425,0.181155979
chr11_008392709,0.101436002
chr11_009217236,0.02221658
chr11_009487166,0.297356278
chr11_009553410,0.101436002
chr11_009603306,0.231767276
chr11_009603408,0.02221658
chr11_009764015,0.242811784
chr11_010042184,0.37175085
chr11_010283458,0.083011748
chr11_010797163,0.364321478
chr11_011715343,0.118993217
chr11_012529264,0.355713408
chr11_013002501,0.135714207
chr11_013430606,0.063688837
chr11_013613806,0.02221658
chr11_013613849,0.02221658
chr11_013613980,0.358886719
chr11_013725268,0.194824219
chr11_014344405,0.118993217
chr11_014671491,0.263138904
chr11_014886765,0.043434853
chr11_015265263,0.318011065
chr11_015442540,0.263138904
chr11_015662919,0.37175085
chr11_015973683,0.242811784
chr11_016901341,0.361753274
chr11_017278600,0.02221658
chr11_017278672,0.289555017
chr11_019070684,0.366598934
chr11_019184435,0.289555017
chr11_019649506,0.334895338
chr11_020197141,0.220104254
chr11_020409048,0.063688837
chr11_022116709,0.364321478
chr11_022116797,0.220104254
chr11_022984662,0.02221658
chr11_023149721,0.083011748
chr11_023481165,0.194824219
chr11_024005853,0.361753274
chr11_024112099,0.361753274
chr11_025066370,0.151628987
chr11_025127086,0.220104254
chr11_025608372,0.329660179
chr11_025781022,0.329660179
chr11_025781108,0.329660179
chr11_026158220,0.364321478
chr11_026472705,0.242811784
chr11_027200096,0.329660179
chr11_027504999,0.02221658
chr11_027618022,0.02221658
chr11_027894327,0.324037024
chr11_028295309,0.043434853
chr11_029227413,0.324037024
chr11_029278168,0.02221658
chr11_029592121,0.242811784
chr11_030099104,0.151628987
chr11_030118595,0.02221658
chr11_030353955,0.101436002
chr11_030686187,0.118993217
chr11_031156782,0.101436002
chr11_031184089,0.352224136
chr11_031184155,0.083011748
chr11_031186836,0.151628987
chr11_031598204,0.181155979
chr11_031598322,0.118993217
chr11_032803069,0.043434853
chr11_033250109,0.289555017
chr11_033374447,0.118993217
chr11_034466841,0.02221658
chr11_034844641,0.373835109
chr11_035249665,0.263138904
chr11_035363225,0.194824219
chr11_035564572,0.063688837
chr11_035842226,0.135714207
chr11_038202595,0.151628987
chr12_000086292,0.374482937
chr12_000086324,0.334895338
chr12_000532598,0.063688837
chr12_000724529,0.151628987
chr12_000899387,0.364321478
chr12_000942009,0.366598934
chr12_001636162,0.101436002
chr12_001898244,0.101436002
chr12_002433391,0.181155979
chr12_002433495,0.352224136
chr12_002886270,0.118993217
chr12_003561039,0.37175085
chr12_003561111,0.207798306
chr12_003562874,0.253261389
chr12_003992977,0.220104254
chr12_004000054,0.334895338
chr12_004616618,0.181155979
chr12_004940707,0.355713408
chr12_005182382,0.101436002
chr12_005182420,0.207798306
chr12_005182440,0.101436002
chr12_005280581,0.151628987
chr12_005300841,0.334895338
chr12_005689470,0.166766773
chr12_006398354,0.358886719
chr12_007006574,0.220104254
chr12_007321172,0.043434853
chr12_007350382,0.348408899
chr12_007350465,0.355713408
chr12_007400557,0.194824219
chr12_007516095,0.27246634
chr12_008322316,0.27246634
chr12_008647472,0.043434853
chr12_008662204,0.242811784
chr12_008662304,0.220104254
chr12_009086897,0.043434853
chr12_009215719,0.151628987
chr12_009360514,0.324037024
chr12_009735079,0.344256891
chr12_009918826,0.352224136
chr12_010462305,0.368592447
chr12_010466867,0.02221658
chr12_010466937,0.366598934
chr12_010468794,0.083011748
chr12_012453436,0.27246634
chr12_012453553,0.318011065
chr12_012857810,0.373835109
chr12_012884324,0.118993217
chr12_012976351,0.366598934
chr12_013408890,0.27246634
chr12_013830734,0.166766773
chr12_014231951,0.352224136
chr12_014459770,0.329660179
chr12_014925007,0.207798306
chr12_016182845,0.118993217
chr12_016352374,0.364321478
chr12_017008258,0.27246634
chr12_017680894,0.361753274
chr12_018351073,0.289555017
chr12_018351205,0.194824219
chr12_018392411,0.339756506
chr12_018816298,0.339756506
chr12_019103154,0.02221658
chr12_019189268,0.207798306
chr12_019703038,0.364321478
chr12_019918407,0.348408899
chr12_020641339,0.166766773
chr12_023658038,0.151628987
chr12_024595101,0.118993217
chr12_025050914,0.166766773
chr12_025476054,0.166766773
chr12_025903129,0.063688837
chr12_027445751,0.194824219
chr12_027516346,0.083011748
chr12_027516441,0.063688837
chr12_028246588,0.181155979
chr12_028286476,0.358886719
chr12_028378398,0.135714207
chr12_028742797,0.02221658
chr12_029502119,0.231767276
chr12_029585555,0.166766773
chr12_029909573,0.373835109
chr12_030506427,0.289555017
chr12_030817778,0.329660179
chr12_032163979,0.043434853
chr12_032835664,0.253261389
chr12_032835701,0.02221658
chr12_033120361,0.063688837
chr12_033326758,0.329660179
chr12_033671322,0.118993217
chr12_033783317,0.166766773
chr12_033828061,0.151628987
chr12_033951913,0.151628987
chr12_034372584,0.375
chr12_034591465,0.311566693
chr12_034948486,0.339756506
chr12_035208831,0.358886719
chr12_036090205,0.043434853
chr12_036437314,0.118993217
chr12_037074339,0.135714207
chr12_037456072,0.181155979
chr12_037599013,0.348408899
chr12_037919575,0.151628987
chr12_038101961,0.043434853
chr12_038559171,0.151628987
chr12_038910669,0.297356278
chr12_039260963,0.02221658
chr12_039379239,0.194824219
chr12_039606323,0.27246634
chr12_040288016,0.253261389
chr12_040618883,0.366598934
chr12_040760045,0.118993217